file	fac1	fac2	fac3	fac4	fac5	fac6
t000000	1	8	0	3	0	3
t000001	0	1	0	0	0	0
t000002	11	11	-1	5	-7	0
t000003	1	3	0	0	-2	0
t000004	4	2	0	0	-1	0
t000006	7	1	0	0	0	0
t000007	0	0	0	0	0	-1
t000008	0	0	0	0	0	-2
t000009	0	1	0	0	0	-1
t000011	1	3	0	0	-3	-1
t000012	0	3	0	0	0	0
t000013	-1	1	0	2	0	0
t000014	0	0	0	0	0	0
t000015	0	1	0	2	0	0
t000016	0	0	0	0	0	0
t000017	0	0	0	0	0	0
t000018	0	0	0	0	0	0
t000019	1	0	1	0	0	0
t000020	1	0	0	0	0	0
t000021	0	0	0	0	0	0
t000022	0	1	0	0	0	0
t000023	3	1	1	2	0	0
t000024	4	1	0	3	1	0
t000025	0	5	0	1	0	0
t000026	0	1	0	0	0	0
t000027	0	0	0	0	0	0
t000028	0	0	0	0	0	0
t000029	0	1	0	0	0	0
t000030	0	0	0	0	0	0
t000031	0	0	0	0	0	0
t000032	2	1	0	0	0	1
t000033	0	0	0	1	-3	0
t000034	2	2	0	0	0	0
t000035	0	1	0	0	0	0
t000036	1	2	0	0	0	0
t000037	1	2	0	0	0	0
t000039	1	1	0	0	0	0
t000040	3	5	0	0	-2	0
t000041	4	2	0	1	0	0
t000042	0	4	0	0	0	0
t000043	0	1	0	0	0	0
t000044	1	1	0	0	0	0
t000045	0	0	0	0	0	0
t000046	0	0	0	1	0	0
t000048	0	11	0	1	0	0
t000049	2	0	0	0	0	0
t000050	6	2	0	1	0	1
t000051	0	4	0	0	-1	0
t000052	9	7	0	1	0	0
t000053	2	0	0	0	0	0
t000054	0	-2	0	0	0	0
t000055	2	0	0	0	-1	0
t000056	0	4	0	0	0	0
t000057	1	1	0	0	0	0
t000058	2	1	0	1	0	0
t000059	0	1	0	0	0	0
t000060	0	1	0	0	0	0
t000061	0	0	0	0	0	0
t000062	0	3	0	0	0	0
t000063	1	1	0	0	0	0
t000065	2	0	0	0	0	0
t000066	1	2	0	0	0	0
t000067	0	0	0	0	0	0
t000068	2	2	0	0	0	0
t000069	-1	1	0	0	1	0
t000070	3	0	0	0	0	2
t000071	0	0	0	0	0	0
t000072	2	0	0	1	0	0
t000073	0	0	0	0	0	0
t000074	4	0	0	0	0	0
t000075	1	0	0	0	0	0
t000076	0	0	0	0	0	0
t000077	0	3	0	1	-1	2
t000078	0	0	0	0	0	0
t000079	1	0	0	0	0	0
t000080	1	0	0	0	0	0
t000081	2	0	0	0	0	0
t000082	2	0	0	1	0	0
t000083	0	0	0	0	0	0
t000084	0	2	0	0	0	0
t000085	0	1	0	0	0	0
t000086	1	3	0	0	0	0
t000087	1	1	0	0	0	0
t000088	3	3	0	0	0	0
t000089	0	1	0	0	0	0
t000090	0	1	0	0	0	0
t000091	1	0	0	0	0	0
t000092	4	7	0	3	-1	0
t000093	8	1	0	1	1	0
t000094	19	16	0	2	0	5
t000095	0	3	0	1	0	1
t000096	0	0	0	0	0	0
t000097	0	1	0	1	0	0
t000098	6	0	0	0	0	0
t000099	2	0	0	0	0	0
t000100	1	1	0	0	0	0
t000101	1	0	0	0	0	0
t000102	11	1	0	2	0	0
t000103	11	1	0	0	0	2
t000104	0	2	0	0	0	0
t000105	0	0	0	0	0	0
t000106	0	0	0	0	0	0
t000107	0	1	0	0	0	0
t000108	0	1	0	0	0	0
t000109	2	1	0	0	0	0
t000110	10	2	0	0	0	0
t000111	8	0	0	0	1	0
t000112	0	1	0	0	0	0
t000113	2	0	0	0	0	0
t000114	4	2	0	0	2	0
t000115	3	1	0	0	0	0
t000116	0	0	0	0	0	0
t000117	0	0	0	0	0	0
t000118	0	0	0	0	0	0
t000119	1	0	0	0	0	0
t000120	0	0	0	0	0	0
t000121	0	2	0	0	0	0
t000122	1	0	0	0	0	0
t000123	4	0	3	0	0	0
t000124	6	0	0	2	0	0
t000125	0	0	0	0	0	0
t000126	0	0	0	0	0	0
t000127	1	0	0	0	0	0
t000128	1	1	0	0	1	0
t000129	0	1	0	0	0	0
t000130	0	0	0	0	0	0
t000131	0	0	0	0	0	0
t000132	1	0	0	0	0	0
t000133	1	0	0	0	0	0
t000134	0	1	0	0	0	0
t000135	1	1	0	0	0	0
t000136	0	0	1	0	0	0
t000137	0	0	0	0	0	0
t000138	3	0	0	0	0	0
t000139	1	1	0	0	0	0
t000140	0	1	0	0	0	0
t000141	3	2	0	0	0	0
t000142	1	0	0	0	0	0
t000143	0	2	0	0	0	0
t000144	0	1	0	0	0	0
t000145	0	6	0	1	0	0
t000146	1	7	0	6	1	0
t000147	1	0	0	1	0	0
t000148	2	21	-1	15	0	0
t000149	0	8	1	9	0	1
t000150	1	0	0	0	0	0
t000151	0	2	0	1	0	0
t000152	0	4	0	0	0	1
t000153	3	5	0	2	0	0
t000154	0	0	0	0	0	0
t000155	4	11	0	2	0	0
t000156	0	1	0	0	0	0
t000157	0	1	0	1	0	0
t000158	0	2	0	1	0	0
t000159	0	2	0	2	0	0
t000160	2	0	0	1	0	0
t000161	0	2	0	0	0	0
t000162	1	1	0	1	0	-1
t000163	0	1	0	1	0	0
t000164	0	0	0	0	0	0
t000165	0	0	0	0	-1	0
t000166	1	6	0	1	0	1
t000167	2	7	0	9	0	2
t000168	0	0	0	1	0	0
t000169	0	2	0	3	0	0
t000170	0	0	0	0	0	0
t000171	0	2	0	0	0	0
t000172	0	0	0	0	0	0
t000173	0	1	0	2	0	0
t000174	0	0	0	2	0	0
t000175	1	0	0	0	0	0
t000176	1	1	0	1	0	0
t000177	2	0	0	0	0	0
t000178	0	0	0	0	0	0
t000179	0	3	0	0	0	0
t000180	0	0	0	0	0	0
t000181	0	0	0	0	0	0
t000183	0	0	1	0	0	0
t000184	0	0	0	0	0	0
t000185	0	0	0	1	0	0
t000188	1	0	0	0	0	0
t000189	0	0	0	0	0	0
t000191	10	12	0	1	0	-1
t000192	2	2	0	0	0	0
t000193	3	7	0	2	0	0
t000194	0	0	0	1	0	0
t000195	0	1	0	0	0	0
t000196	1	0	0	0	0	0
t000197	0	1	0	0	0	0
t000198	1	3	0	5	0	0
t000199	1	0	0	0	0	0
t000200	1	0	0	0	0	0
t000201	1	0	0	0	0	-1
t000202	5	0	0	0	3	0
t000203	1	2	0	0	1	0
t000204	1	3	0	0	1	0
t000205	1	0	0	0	0	0
t000206	0	5	0	0	1	0
t000207	1	0	0	0	0	0
t000208	17	9	0	2	10	1
t000209	0	0	0	2	0	0
t000210	3	0	0	0	0	0
t000211	1	0	0	0	0	0
t000212	1	0	0	0	0	0
t000214	1	0	0	0	0	0
t000215	5	1	0	0	0	0
t000216	5	3	2	0	0	0
t000217	6	5	0	1	1	0
t000218	0	1	0	0	-1	0
t000219	1	2	0	0	0	0
t000220	1	0	0	0	0	0
t000222	0	2	0	0	0	0
t000223	0	2	0	0	0	0
t000224	1	1	0	0	0	0
t000225	0	0	0	0	0	0
t000226	1	0	0	0	0	0
t000227	0	8	0	0	1	0
t000228	1	7	0	0	0	0
t000229	0	2	0	0	0	0
t000230	0	0	0	0	0	0
t000231	0	0	0	0	0	0
t000233	0	0	0	0	0	0
t000234	0	0	0	0	0	0
t000235	0	2	0	0	0	0
t000236	0	0	0	0	-2	0
t000238	0	0	0	0	-1	0
t000239	0	0	0	1	0	0
t000240	0	0	1	0	0	0
t000242	0	1	-1	0	0	0
t000243	3	3	0	0	0	0
t000244	1	0	0	0	0	0
t000245	0	0	0	0	0	0
t000246	0	4	0	0	0	0
t000247	1	3	2	0	0	0
t000248	0	1	0	0	0	0
t000249	0	1	0	0	0	0
t000250	0	3	0	1	0	0
t000251	0	0	0	0	0	0
t000252	7	17	1	0	0	2
t000253	13	21	0	4	-1	3
t000254	2	7	0	1	0	1
t000255	0	0	0	0	0	0
t000256	0	2	0	0	0	2
t000257	0	0	0	2	0	1
t000258	0	8	0	0	0	0
t000259	2	6	0	0	0	0
t000260	0	1	0	0	0	0
t000261	3	2	0	0	-1	0
t000262	0	2	0	0	0	0
t000263	4	16	0	0	0	0
t000264	2	5	0	0	-1	0
t000265	0	6	0	1	0	0
t000266	0	7	0	3	0	0
t000267	3	8	0	0	0	1
t000268	0	1	0	1	0	1
t000269	1	0	0	1	-1	0
t000271	3	9	0	5	-1	2
t000272	0	2	0	1	0	0
t000273	0	0	0	0	0	0
t000274	4	19	-1	9	0	0
t000275	0	7	0	0	-1	0
t000276	1	2	0	0	0	0
t000277	10	9	0	0	0	0
t000278	0	0	0	5	0	0
t000279	9	7	0	3	0	0
t000280	3	1	0	0	1	0
t000281	1	1	1	0	0	0
t000283	26	17	0	1	5	2
t000284	15	5	0	0	0	0
t000285	21	13	3	1	1	-1
t000286	1	0	0	0	0	0
t000287	2	0	0	0	0	0
t000288	2	0	0	0	0	0
t000289	6	1	0	0	0	0
t000290	2	0	0	0	0	0
t000291	10	0	0	1	-2	0
t000292	1	0	0	0	-2	0
t000293	2	0	0	0	-4	0
t000294	0	0	0	0	0	1
t000295	6	2	0	0	-2	0
t000296	3	3	0	2	1	0
t000297	8	12	0	7	9	0
t000298	1	8	0	1	0	0
t000299	0	1	0	0	0	0
t000300	0	0	0	0	0	0
t000301	3	3	0	0	0	0
t000302	14	7	0	2	4	-1
t000303	13	10	0	3	2	-3
t000304	3	1	0	0	0	0
t000305	4	1	0	1	0	0
t000306	2	3	2	0	0	0
t000307	5	7	0	0	0	2
t000308	3	2	1	0	0	0
t000309	2	1	0	0	1	0
t000310	1	1	0	0	0	0
t000311	2	0	0	2	0	0
t000312	1	0	0	0	0	0
t000313	5	19	-1	2	1	0
t000314	0	1	0	0	0	0
t000315	0	0	0	1	0	0
t000316	2	2	0	1	0	0
t000317	5	9	5	2	0	0
t000318	1	18	6	3	0	0
t000319	6	22	1	4	0	1
t000320	1	1	1	0	0	-1
t000321	0	2	1	0	0	0
t000322	5	9	6	3	-2	1
t000323	0	0	0	0	0	0
t000324	0	2	0	0	0	0
t000325	0	6	0	5	0	1
t000326	2	16	4	4	0	0
t000327	0	2	0	1	0	0
t000328	0	1	0	0	0	0
t000329	6	20	1	5	-4	1
t000330	-2	15	-1	5	0	-1
t000331	0	0	0	0	0	0
t000332	1	11	0	2	0	-1
t000333	0	1	0	0	0	0
t000334	0	0	0	0	0	0
t000335	0	4	0	0	0	0
t000336	0	0	0	1	0	0
t000337	1	3	-2	4	0	1
t000338	0	4	0	0	0	0
t000339	6	8	0	20	-1	1
t000340	6	9	2	13	-1	3
t000341	1	1	0	3	0	1
t000342	1	2	0	3	0	1
t000343	0	4	1	4	0	0
t000344	0	0	0	0	0	0
t000345	0	5	0	3	0	1
t000346	2	1	0	5	0	0
t000347	0	0	0	0	0	0
t000348	0	0	0	0	0	0
t000349	0	3	0	1	0	0
t000350	3	4	0	7	0	0
t000351	1	16	4	1	0	0
t000352	10	10	1	4	1	-1
t000353	5	20	0	3	0	3
t000354	1	10	0	0	2	0
t000355	8	14	0	0	0	0
t000356	11	11	0	5	-2	3
t000357	1	1	0	0	0	0
t000358	0	1	0	0	0	0
t000359	0	2	0	0	0	0
t000360	2	3	1	0	0	0
t000361	0	5	1	1	0	1
t000362	-1	4	0	0	1	0
t000363	4	8	0	0	-1	4
t000364	-4	3	0	0	0	3
t000365	0	2	0	0	0	0
t000366	1	4	0	0	0	1
t000367	0	2	0	1	0	1
t000368	0	1	0	0	0	0
t000369	0	0	0	0	0	0
t000370	3	2	2	0	0	1
t000371	5	6	0	0	0	3
t000372	0	0	0	0	0	0
t000373	0	3	0	1	-1	1
t000374	4	1	0	1	0	3
t000375	2	2	0	0	0	1
t000376	2	2	0	0	0	0
t000377	0	2	0	0	0	0
t000378	2	2	0	1	0	1
t000379	0	1	0	0	0	1
t000380	-4	4	0	0	0	0
t000381	15	3	0	0	0	0
t000382	3	16	2	1	-1	1
t000383	16	7	2	-1	1	0
t000384	12	4	0	1	2	5
t000385	7	2	0	0	-1	0
t000386	10	0	1	2	0	0
t000387	5	2	0	0	0	0
t000388	8	0	0	1	0	0
t000389	5	3	0	0	-2	1
t000390	5	5	0	5	-1	1
t000391	4	6	0	1	1	0
t000392	0	0	0	0	-1	0
t000393	1	2	0	0	0	0
t000394	2	4	1	1	0	0
t000395	5	6	1	6	-1	-1
t000396	2	0	0	1	0	0
t000397	2	1	0	0	-1	0
t000398	6	0	0	0	0	0
t000399	0	0	0	0	0	0
t000400	5	0	-2	3	0	0
t000401	12	2	0	0	0	1
t000402	0	0	1	0	0	0
t000403	1	0	0	0	0	0
t000404	0	0	0	0	0	0
t000405	0	0	0	0	0	0
t000406	1	12	2	0	-1	0
t000407	0	9	0	0	0	0
t000408	-1	2	2	0	-1	-1
t000409	0	0	0	0	0	0
t000410	0	6	0	0	0	0
t000411	1	3	1	0	0	0
t000412	0	0	1	0	0	0
t000413	0	3	0	1	0	0
t000414	27	16	0	1	-5	0
t000415	26	7	1	4	-11	0
t000416	0	3	1	1	0	0
t000417	17	2	0	1	0	0
t000418	2	1	0	2	0	0
t000419	0	2	0	0	0	0
t000420	3	2	0	3	-1	0
t000421	0	0	0	0	0	0
t000422	0	0	0	0	2	0
t000423	4	2	0	0	2	0
t000424	0	1	0	0	0	0
t000425	0	0	0	0	0	0
t000426	0	1	0	0	0	0
t000427	0	0	0	0	0	0
t000428	1	0	0	0	0	0
t000429	0	5	0	0	0	0
t000430	0	0	0	0	0	0
t000431	6	2	1	5	0	2
t000432	11	4	0	1	0	0
t000433	4	6	0	1	0	1
t000434	8	0	0	1	0	4
t000435	5	1	-1	0	0	0
t000436	4	2	0	0	0	0
t000437	3	4	0	0	0	0
t000438	6	4	-2	1	0	0
t000439	0	3	0	0	0	0
t000440	0	0	0	0	0	0
t000441	0	1	0	0	0	2
t000442	1	2	0	0	0	4
t000443	0	1	0	0	0	0
t000444	0	1	0	2	0	4
t000445	1	0	0	0	1	0
t000446	0	1	0	0	0	0
t000447	2	7	0	1	0	2
t000448	1	1	0	1	0	0
t000449	1	7	0	1	-1	0
t000450	0	-1	0	1	0	0
t000451	1	-1	0	2	0	0
t000452	0	0	0	1	0	0
t000453	0	0	0	0	0	0
t000454	0	0	0	0	0	2
t000455	10	9	0	3	0	6
t000456	9	7	-2	6	0	0
t000457	3	8	-2	20	-1	1
t000458	0	0	0	0	0	0
t000459	0	1	0	1	0	0
t000460	2	1	0	0	0	0
t000461	0	3	0	0	-1	0
t000462	0	0	0	0	0	0
t000463	0	2	0	0	0	-1
t000466	0	0	0	0	0	1
t000467	0	2	0	3	0	0
t000468	4	0	0	2	0	0
t000469	1	2	0	2	0	0
t000470	0	0	0	0	0	0
t000471	2	2	0	1	0	0
t000472	1	0	0	1	0	0
t000473	4	3	0	11	0	0
t000474	0	5	0	0	0	0
t000475	0	0	0	0	0	0
t000476	2	2	1	1	0	0
t000477	2	2	-1	0	0	0
t000478	0	0	0	0	0	0
t000479	1	0	0	2	0	0
t000480	14	5	0	1	6	0
t000481	22	9	3	2	7	1
t000482	11	3	0	0	1	0
t000483	9	5	1	0	6	0
t000484	0	1	1	1	7	0
t000485	1	1	0	0	2	0
t000486	2	1	0	1	1	0
t000487	1	0	0	0	0	0
t000488	1	0	0	0	0	0
t000489	1	0	0	1	1	0
t000490	0	0	1	0	0	-1
t000491	2	0	0	0	1	0
t000492	11	1	0	0	2	0
t000493	1	5	0	0	3	1
t000494	0	0	0	0	2	0
t000495	1	0	0	0	0	0
t000496	0	0	0	0	1	0
t000497	2	0	1	0	6	0
t000498	3	0	0	0	0	0
t000499	0	0	0	0	1	0
t000500	0	3	0	0	2	0
t000502	0	1	0	0	0	0
t000503	7	5	-1	1	0	1
t000504	5	10	0	1	1	0
t000505	26	22	-1	2	3	1
t000506	24	10	1	1	0	0
t000507	26	7	5	1	0	1
t000508	10	8	2	0	1	0
t000509	3	0	0	0	0	0
t000510	12	1	0	0	-1	0
t000511	7	3	0	0	0	0
t000512	17	5	0	0	4	0
t000514	3	3	0	0	3	0
t000515	11	4	0	0	5	0
t000516	2	0	1	0	0	0
t000517	0	0	0	0	0	0
t000518	1	3	0	0	0	0
t000519	0	0	1	0	0	0
t000520	15	6	4	0	2	0
t000521	0	0	0	0	0	0
t000522	1	0	0	0	0	0
t000523	3	0	1	0	0	0
t000524	0	0	1	0	0	0
t000525	0	0	1	0	0	0
t000526	0	0	0	0	0	0
t000527	0	2	1	0	0	0
t000528	0	0	0	0	0	0
t000529	7	2	0	0	0	0
t000530	0	0	0	0	0	0
t000531	12	4	0	0	0	0
t000532	29	1	0	1	0	0
t000533	0	0	0	1	0	0
t000534	1	0	0	0	0	0
t000535	0	0	0	0	0	0
t000536	14	1	0	-1	0	0
t000538	0	0	0	0	0	0
t000539	1	0	0	0	0	0
t000540	0	0	0	0	0	0
t000541	0	0	0	1	0	0
t000542	28	6	0	0	0	-1
t000543	0	0	0	0	0	0
t000544	0	0	0	0	0	0
t000545	2	0	0	0	0	0
t000546	6	1	0	0	1	0
t000547	4	2	0	0	0	0
t000548	0	0	0	0	0	0
t000549	5	0	0	0	0	0
t000550	13	7	0	0	0	3
t000551	12	6	0	2	1	0
t000552	7	4	5	1	0	1
t000553	4	2	0	1	-1	2
t000554	0	0	0	0	0	0
t000555	11	4	0	0	0	3
t000556	7	3	1	0	0	3
t000557	1	0	0	0	0	0
t000558	0	1	1	0	0	0
t000559	10	7	0	0	0	5
t000560	4	0	0	0	0	0
t000561	7	4	0	2	0	0
t000562	1	2	0	0	0	0
t000563	8	7	2	1	0	0
t000564	2	2	0	0	0	0
t000565	17	11	0	5	0	0
t000566	4	21	0	23	0	2
t000567	6	19	0	17	-1	0
t000568	0	1	0	1	-1	0
t000569	0	15	0	8	0	0
t000570	0	4	0	2	0	0
t000571	0	1	-1	0	0	0
t000572	6	13	-1	22	0	2
t000573	8	7	1	7	0	1
t000574	1	10	-1	4	0	-1
t000575	1	0	0	1	0	0
t000576	3	9	1	3	0	1
t000577	0	7	0	0	0	0
t000578	0	3	0	0	0	0
t000579	0	2	0	0	0	0
t000580	-2	3	0	2	0	0
t000581	2	1	0	0	0	0
t000582	3	3	0	0	0	0
t000583	0	4	0	0	0	0
t000584	4	11	-1	0	0	0
t000585	8	10	2	1	0	0
t000586	5	14	0	1	0	1
t000587	0	2	3	0	0	0
t000588	1	13	-1	2	0	3
t000589	4	11	2	0	-1	0
t000590	2	0	1	0	7	0
t000591	0	3	0	0	0	0
t000592	2	23	5	5	0	0
t000593	10	11	2	0	0	0
t000594	0	0	0	0	0	0
t000595	1	1	0	0	0	0
t000596	1	1	0	0	-1	0
t000597	1	3	0	0	0	0
t000598	0	7	1	0	0	0
t000599	2	5	0	0	0	0
t000600	0	2	0	0	0	0
t000601	3	9	9	1	2	0
t000602	0	0	2	0	0	0
t000603	1	4	8	0	0	0
t000604	0	2	7	0	0	0
t000605	0	0	0	0	0	0
t000606	0	1	0	0	0	0
t000607	4	9	4	0	0	0
t000608	0	1	0	0	0	0
t000609	0	1	2	0	0	0
t000610	2	3	5	2	-2	1
t000611	0	1	1	0	0	0
t000612	6	21	4	0	-2	0
t000613	0	3	0	0	0	0
t000614	4	2	1	0	0	0
t000615	4	2	0	0	0	0
t000616	0	1	0	0	0	0
t000617	2	4	3	0	-2	0
t000618	0	2	2	0	0	-1
t000619	1	4	0	0	0	0
t000620	0	0	0	0	0	0
t000621	2	1	0	0	0	0
t000622	0	1	0	0	0	0
t000623	0	0	0	0	0	0
t000624	0	1	0	0	0	0
t000625	1	2	0	0	0	0
t000626	3	1	0	0	0	0
t000627	0	0	0	0	0	0
t000628	1	7	1	0	0	0
t000629	1	8	0	0	-2	0
t000630	0	1	0	0	0	0
t000631	5	19	4	11	0	5
t000632	15	23	0	2	0	0
t000633	4	6	0	8	0	2
t000634	1	10	0	0	-1	0
t000635	0	3	0	0	0	0
t000637	0	1	0	1	0	0
t000638	2	0	0	0	0	0
t000639	4	6	0	1	0	0
t000640	3	0	0	0	0	0
t000641	1	4	0	0	0	0
t000642	0	0	0	0	0	0
t000643	0	0	0	0	0	0
t000644	0	4	0	0	0	0
t000646	1	0	1	2	0	0
t000647	0	1	0	0	0	0
t000648	0	0	1	0	0	0
t000649	1	7	9	0	0	0
t000650	0	1	1	0	0	0
t000651	0	0	0	0	0	0
t000652	2	1	1	0	0	0
t000653	0	2	0	0	0	0
t000654	0	0	0	0	0	0
t000655	0	0	1	0	0	0
t000656	0	2	3	0	0	0
t000657	1	0	1	0	0	0
t000658	46	19	1	1	4	1
t000659	53	15	-4	1	2	6
t000660	4	1	0	0	-1	0
t000661	0	3	0	0	0	0
t000662	3	3	0	0	0	0
t000663	2	0	0	0	0	0
t000664	3	0	0	0	0	0
t000665	4	1	0	1	0	1
t000666	1	1	0	0	0	0
t000667	3	1	0	0	0	2
t000668	1	0	0	0	0	1
t000669	5	1	0	0	0	0
t000670	13	2	0	0	0	0
t000671	4	0	0	0	0	0
t000672	1	1	0	0	0	0
t000673	0	0	0	0	0	0
t000674	6	1	0	0	0	1
t000675	0	-1	0	0	0	0
t000676	0	0	0	0	0	0
t000677	2	3	0	1	0	2
t000678	0	0	0	1	0	0
t000679	1	2	0	0	0	1
t000680	1	0	0	0	0	1
t000681	4	0	0	0	0	0
t000682	4	7	2	2	0	3
t000683	1	0	0	0	0	0
t000684	0	0	0	0	0	0
t000685	0	1	0	0	0	0
t000686	0	1	0	0	0	0
t000687	6	0	0	0	0	0
t000688	6	0	0	0	0	0
t000689	2	1	0	0	0	0
t000690	2	1	0	0	0	0
t000691	2	0	0	0	0	0
t000692	8	23	0	25	-1	3
t000693	3	21	0	21	0	0
t000694	0	2	0	5	0	0
t000695	0	1	0	2	0	0
t000696	1	2	0	5	-1	5
t000698	0	0	0	0	0	1
t000699	0	3	0	5	0	0
t000700	0	2	0	0	0	0
t000701	4	3	1	12	0	0
t000702	2	7	0	6	0	0
t000703	2	3	-1	12	0	1
t000704	3	5	0	7	-1	0
t000705	1	2	0	0	0	0
t000706	0	0	0	0	0	0
t000707	0	1	0	0	0	0
t000708	0	0	0	0	0	0
t000709	0	0	0	0	0	0
t000710	11	10	0	8	0	3
t000711	1	1	0	0	0	0
t000712	0	2	0	0	0	0
t000713	1	0	0	0	0	0
t000714	2	-1	0	3	0	0
t000715	0	0	0	0	0	0
t000716	0	1	0	0	0	0
t000717	0	4	0	1	0	0
t000718	2	6	0	7	-1	0
t000719	1	3	0	2	0	0
t000720	0	2	0	0	0	0
t000721	1	3	0	1	0	1
t000722	8	14	14	0	0	0
t000723	0	5	6	0	-1	0
t000724	0	1	0	0	0	0
t000725	0	1	0	0	0	0
t000726	0	11	0	-1	0	0
t000727	4	25	10	1	0	0
t000728	0	1	1	0	0	0
t000729	8	8	0	1	0	0
t000730	2	3	0	0	0	0
t000731	-1	2	0	0	0	0
t000732	0	0	0	0	0	0
t000733	-1	0	0	2	0	0
t000734	-1	1	0	1	0	0
t000735	3	2	0	1	-1	0
t000736	0	2	0	0	0	0
t000737	0	0	0	0	-1	0
t000738	2	3	0	0	0	0
t000739	1	6	0	0	0	0
t000740	-2	-1	0	1	0	0
t000741	0	2	0	0	0	0
t000744	0	4	0	0	0	0
t000745	1	0	0	0	0	0
t000746	1	3	0	0	0	0
t000747	6	6	-1	0	0	0
t000748	3	3	4	0	0	0
t000749	0	4	0	0	0	0
t000750	1	0	0	0	0	0
t000751	0	2	0	0	-1	0
t000752	1	1	0	0	0	0
t000753	2	0	0	0	0	0
t000754	1	0	0	1	-1	0
t000755	0	0	0	2	0	0
t000757	4	31	1	-1	-1	-1
t000758	0	9	0	-1	0	0
t000759	2	8	-1	-1	0	-2
t000760	8	5	1	0	0	0
t000761	0	6	2	1	0	1
t000762	1	1	0	0	0	-1
t000763	0	2	1	0	0	0
t000764	2	0	0	0	0	0
t000765	0	0	2	0	0	0
t000766	0	0	0	0	0	0
t000767	2	1	1	0	0	0
t000768	-1	1	0	0	0	0
t000769	2	0	0	0	0	0
t000770	-1	10	3	1	0	0
t000771	1	9	2	0	0	-2
t000772	0	3	0	0	0	0
t000773	1	0	3	0	0	0
t000774	0	0	1	0	0	0
t000775	-1	2	7	0	0	0
t000776	1	0	0	0	0	0
t000777	0	1	2	0	0	0
t000778	1	3	2	0	0	0
t000779	0	2	2	0	0	0
t000780	0	0	4	0	0	0
t000781	0	0	1	0	0	0
t000783	0	0	0	0	0	0
t000784	0	0	0	0	0	0
t000785	0	3	1	0	0	0
t000786	0	0	2	0	0	0
t000787	0	0	2	0	0	0
t000788	2	0	0	0	0	0
t000789	0	1	0	0	0	0
t000790	1	0	0	0	0	0
t000791	0	1	0	0	0	0
t000792	0	1	0	0	0	0
t000793	0	2	2	0	0	0
t000794	1	0	0	0	0	0
t000795	1	2	0	0	0	0
t000796	3	0	2	0	0	0
t000797	0	1	0	0	0	0
t000798	3	3	1	1	0	2
t000799	2	2	0	1	0	0
t000800	0	0	0	0	0	0
t000801	0	-1	0	0	0	0
t000802	1	2	0	0	0	0
t000803	0	3	0	0	0	0
t000804	0	1	0	0	0	0
t000805	0	2	0	0	0	0
t000806	1	13	3	0	0	-1
t000807	0	2	0	0	0	0
t000808	1	0	0	0	0	0
t000809	1	0	2	0	0	0
t000810	0	2	0	0	0	0
t000811	2	5	0	0	0	0
t000812	0	2	0	0	0	0
t000813	0	0	0	1	0	0
t000814	0	3	0	0	0	0
t000815	0	1	0	0	0	0
t000816	1	0	0	0	0	0
t000817	0	0	0	0	0	1
t000818	0	0	2	0	0	0
t000819	2	0	0	1	0	1
t000820	-1	1	0	1	0	0
t000821	1	6	8	1	0	0
t000822	2	14	3	-1	0	1
t000823	5	13	1	0	0	0
t000824	2	2	0	1	0	0
t000825	10	10	0	3	0	1
t000826	2	7	1	2	0	0
t000827	2	0	-1	0	0	0
t000828	1	0	-1	0	0	0
t000829	2	0	-1	0	0	0
t000830	0	1	0	0	0	0
t000831	1	0	0	0	0	0
t000832	0	1	0	0	0	0
t000833	3	15	4	0	1	0
t000834	-3	12	-1	16	0	1
t000835	2	5	0	4	0	1
t000836	-1	7	-4	13	0	-2
t000837	-2	10	-1	8	0	0
t000838	0	1	-1	0	0	0
t000839	0	0	0	0	0	0
t000840	0	0	0	0	0	0
t000841	0	1	0	0	0	0
t000842	0	0	0	0	0	0
t000843	0	0	0	1	0	0
t000844	0	0	0	0	0	0
t000845	0	0	0	0	0	0
t000846	0	1	0	2	0	0
t000847	1	0	0	0	0	0
t000848	-1	9	-1	7	0	0
t000849	1	1	0	2	0	0
t000850	1	0	0	2	0	0
t000851	0	3	0	4	0	0
t000852	0	0	0	0	0	0
t000853	0	0	-2	2	0	0
t000854	9	12	0	1	0	0
t000855	0	0	0	0	0	0
t000856	4	31	1	2	1	0
t000857	2	14	0	4	0	5
t000858	15	9	4	6	0	0
t000859	2	7	0	2	0	0
t000860	1	0	0	0	0	0
t000861	0	0	0	2	0	0
t000862	0	0	0	1	0	0
t000863	1	2	0	1	0	0
t000864	1	0	0	0	0	0
t000865	2	20	2	1	0	0
t000866	0	0	0	0	0	0
t000867	3	0	0	0	0	1
t000868	0	0	0	0	0	0
t000869	2	7	0	4	0	0
t000870	2	10	0	6	0	1
t000871	3	7	1	1	-1	0
t000872	0	0	0	0	0	0
t000873	0	5	0	4	0	0
t000874	0	3	4	0	-2	0
t000875	1	4	0	0	-3	1
t000876	3	1	0	1	0	0
t000877	0	0	0	0	0	0
t000878	0	2	0	0	0	0
t000879	1	1	0	0	0	0
t000880	1	2	0	0	0	0
t000881	0	0	0	0	0	0
t000882	0	0	0	0	0	0
t000883	0	0	0	0	0	0
t000884	37	12	0	2	-2	2
t000885	2	0	0	0	0	0
t000886	20	4	0	0	0	-1
t000887	1	0	0	0	0	0
t000888	15	7	0	0	-1	0
t000889	0	0	0	1	0	0
t000890	5	1	0	1	0	0
t000891	1	0	0	0	0	0
t000892	1	0	0	0	0	0
t000893	2	1	0	0	0	0
t000894	4	5	1	0	-2	0
t000895	3	1	0	0	0	0
t000896	0	4	1	1	-1	2
t000897	0	15	4	2	0	0
t000898	0	6	2	1	0	0
t000899	0	0	0	0	0	0
t000900	8	4	0	0	0	-1
t000901	-5	8	1	2	0	0
t000902	0	1	0	0	0	0
t000903	0	0	1	0	0	0
t000904	0	10	0	5	0	0
t000905	3	16	1	-1	-1	1
t000906	17	3	0	-1	2	1
t000907	41	5	0	0	0	-3
t000908	42	5	0	0	0	1
t000909	2	1	0	0	0	0
t000910	1	0	0	0	0	0
t000911	8	5	1	0	0	-3
t000912	8	1	0	1	0	0
t000913	2	5	0	0	0	0
t000914	1	1	0	0	0	0
t000916	0	1	0	0	0	0
t000917	0	0	0	0	0	0
t000918	12	14	1	6	0	1
t000919	0	1	0	0	0	0
t000920	0	0	0	0	0	0
t000921	0	-2	1	0	0	0
t000922	3	15	9	-2	-1	-2
t000923	0	0	0	0	0	0
t000924	0	0	0	0	0	0
t000925	0	1	0	0	0	0
t000926	4	7	5	0	1	0
t000927	0	2	0	3	0	0
t000928	0	0	0	0	0	0
t000929	0	5	0	0	0	0
t000930	1	7	0	1	0	0
t000931	0	1	0	0	0	0
t000932	0	2	0	0	0	0
t000933	0	2	0	0	0	0
t000934	1	6	2	0	0	0
t000935	0	1	0	0	0	0
t000936	0	7	0	0	0	0
t000937	1	0	0	0	-1	0
t000938	12	9	1	0	0	1
t000939	0	0	0	0	0	0
t000940	4	16	0	13	0	7
t000941	0	2	0	0	0	0
t000942	0	2	0	0	0	0
t000943	1	2	0	1	0	0
t000944	0	0	0	0	0	0
t000945	0	0	0	1	0	0
t000946	2	4	0	0	0	0
t000947	0	0	0	0	0	0
t000948	0	0	0	1	0	0
t000949	0	0	0	0	0	0
t000950	1	3	0	2	-1	0
t000951	9	7	0	1	0	0
t000952	5	-1	0	0	0	0
t000953	2	-1	0	0	0	0
t000954	9	14	0	6	0	0
t000955	17	8	0	4	0	0
t000956	0	1	0	5	0	0
t000957	1	0	0	1	0	0
t000958	23	8	0	3	19	0
t000959	9	12	2	2	14	0
t000960	0	0	0	0	1	0
t000961	1	2	0	0	0	0
t000962	5	11	0	6	1	1
t000963	1	2	0	4	0	1
t000964	4	12	1	2	0	0
t000965	1	9	-2	6	0	0
t000966	3	8	0	14	0	0
t000967	0	2	0	0	0	0
t000968	2	5	0	7	0	0
t000969	0	5	0	7	-1	0
t000970	0	0	-2	2	0	0
t000971	0	0	0	0	0	0
t000972	2	0	-1	4	0	0
t000973	6	7	-1	0	0	0
t000974	-1	0	0	0	0	0
t000975	3	1	0	4	0	0
t000976	-1	3	0	1	0	0
t000977	3	6	0	3	-1	0
t000978	0	1	0	0	0	0
t000979	4	13	2	10	0	0
t000980	10	18	2	12	0	4
t000981	2	2	1	0	0	0
t000982	0	0	0	1	0	0
t000983	4	5	0	2	0	0
t000984	3	8	2	1	0	0
t000985	0	1	0	0	0	0
t000986	1	1	0	0	0	0
t000987	2	0	0	0	0	0
t000988	1	11	2	-1	3	0
t000989	0	0	0	0	0	0
t000990	3	8	2	2	0	0
t000991	0	0	0	1	0	0
t000992	0	2	0	0	0	0
t000993	2	7	0	-1	-1	0
t000994	0	0	0	0	0	0
t000995	0	1	0	0	0	0
t000996	0	0	0	0	0	0
t000997	0	0	0	0	0	0
t000998	2	4	0	-2	0	0
t000999	1	0	4	0	0	0
t001000	0	7	6	0	-1	0
t001001	0	4	2	0	0	0
t001002	0	0	0	0	0	0
t001003	0	0	0	0	0	0
t001004	0	0	2	0	0	0
t001005	0	2	1	0	0	0
t001006	0	4	4	0	0	0
t001007	45	13	-1	0	2	8
t001008	35	8	8	1	0	4
t001009	0	0	0	0	0	0
t001010	1	0	0	0	0	0
t001012	19	5	0	0	0	1
t001013	3	1	0	0	0	0
t001014	13	5	0	0	-1	0
t001015	17	4	0	0	-1	1
t001016	8	5	0	0	1	0
t001017	0	1	0	0	0	0
t001018	1	3	2	0	0	0
t001019	0	1	0	0	0	0
t001020	4	3	1	0	0	0
t001021	3	3	1	0	0	3
t001022	1	3	1	1	0	1
t001023	9	3	0	2	2	0
t001024	1	7	1	2	-1	0
t001025	0	0	0	1	0	0
t001027	1	6	1	1	0	0
t001028	0	0	0	2	0	0
t001029	0	8	0	2	0	0
t001030	0	2	0	0	0	0
t001031	0	7	0	1	0	2
t001032	0	0	0	0	0	0
t001033	0	0	0	0	0	0
t001034	0	0	0	1	0	0
t001035	1	6	0	1	0	0
t001036	0	0	0	1	0	2
t001037	0	0	0	0	0	0
t001038	0	2	0	0	0	0
t001039	0	1	0	1	0	0
t001040	6	4	0	2	0	0
t001041	10	7	0	1	0	0
t001042	0	1	0	0	0	0
t001043	5	2	0	0	0	0
t001044	3	3	0	0	0	0
t001045	3	0	0	0	0	0
t001046	15	1	0	0	-1	4
t001047	3	1	0	2	0	0
t001048	0	0	0	0	0	0
t001049	0	1	0	1	0	0
t001050	1	0	0	0	0	0
t001051	1	1	0	3	0	0
t001052	2	0	0	1	0	0
t001053	0	0	0	1	0	0
t001054	1	0	0	0	0	0
t001055	0	3	1	2	0	0
t001056	0	0	0	0	0	0
t001057	0	0	0	0	0	0
t001058	2	1	0	1	0	0
t001060	1	4	1	0	0	0
t001061	1	1	1	0	0	-1
t001062	0	1	0	0	0	0
t001063	0	0	0	0	-1	0
t001064	2	17	5	-2	0	-1
t001065	0	11	2	1	0	0
t001066	1	1	0	0	0	0
t001067	0	1	0	0	0	0
t001068	0	1	0	0	1	0
t001069	0	4	3	1	0	0
t001070	0	0	0	0	0	0
t001071	0	0	0	-1	0	0
t001072	0	0	0	0	0	0
t001073	0	6	0	0	0	0
t001074	0	2	0	0	0	0
t001075	-1	1	0	0	0	0
t001076	0	0	0	0	0	0
t001077	7	0	0	1	0	0
t001078	1	0	0	0	0	0
t001079	2	14	3	1	-1	-1
t001080	0	1	0	0	0	0
t001081	0	2	0	0	0	0
t001082	25	14	3	0	-1	0
t001083	25	5	0	1	0	1
t001084	1	1	0	0	0	0
t001085	0	0	2	0	0	0
t001086	7	0	0	0	0	0
t001087	14	-1	0	0	0	0
t001088	5	0	0	0	0	0
t001089	11	1	0	0	-1	1
t001090	6	1	0	0	0	0
t001091	8	10	0	3	1	3
t001092	7	9	0	2	0	1
t001093	19	13	0	0	3	1
t001094	23	17	1	0	1	1
t001095	35	13	2	-1	12	6
t001096	72	31	-1	0	14	2
t001097	25	4	0	-1	0	2
t001098	21	0	0	1	0	0
t001099	2	0	0	0	0	0
t001100	54	9	0	0	0	0
t001101	69	2	0	0	2	2
t001102	0	1	0	0	0	0
t001103	63	4	0	2	0	0
t001104	24	7	0	0	0	0
t001105	0	1	0	0	0	0
t001106	18	16	0	0	0	0
t001107	32	6	0	2	0	0
t001108	13	8	0	2	0	0
t001109	42	10	0	0	0	6
t001110	0	1	1	0	0	0
t001111	1	1	0	0	0	0
t001112	2	0	0	0	0	0
t001113	44	7	0	4	-1	0
t001114	1	0	0	0	0	0
t001115	20	8	0	0	0	0
t001116	30	0	0	-3	7	4
t001117	0	0	0	0	-1	1
t001118	5	1	0	0	2	0
t001119	14	1	0	0	7	0
t001120	11	2	1	0	0	0
t001121	1	2	0	0	0	0
t001122	25	10	0	2	0	3
t001123	34	12	1	1	-4	0
t001124	5	1	0	0	0	0
t001125	31	0	0	-1	0	0
t001126	2	3	0	0	0	0
t001127	41	11	1	0	0	0
t001128	20	2	0	0	-2	0
t001129	1	0	0	0	0	0
t001130	2	2	0	0	0	0
t001131	0	2	0	0	0	0
t001132	4	1	0	0	0	0
t001133	2	6	0	0	2	0
t001134	6	3	-1	0	0	0
t001135	0	1	0	0	0	0
t001136	0	0	0	0	0	0
t001137	11	6	0	1	3	0
t001138	6	4	0	3	1	0
t001139	37	12	0	2	1	0
t001140	3	5	0	0	0	2
t001141	25	18	-1	0	0	-1
t001142	29	14	0	-1	-6	0
t001143	31	23	1	0	-3	1
t001144	28	11	0	3	-5	0
t001145	27	7	-2	0	-4	0
t001146	15	21	2	0	0	8
t001147	6	24	0	3	0	10
t001148	0	1	0	0	0	0
t001149	9	7	0	3	0	13
t001150	2	3	0	1	0	0
t001151	18	6	1	0	0	4
t001152	15	4	0	0	3	11
t001153	25	14	0	1	1	14
t001154	3	3	0	0	0	1
t001155	2	16	0	0	0	0
t001156	2	1	0	0	0	0
t001157	18	11	2	1	2	-2
t001158	0	0	0	0	0	-2
t001159	19	16	-1	0	1	3
t001160	29	21	0	2	-1	-1
t001161	2	27	5	2	0	0
t001162	2	15	4	3	0	0
t001163	2	6	3	1	0	0
t001164	0	0	0	0	0	0
t001165	2	9	-1	4	0	0
t001166	0	3	0	0	0	1
t001167	0	5	0	-2	0	0
t001168	0	0	0	0	0	0
t001169	0	7	2	1	-1	0
t001170	5	9	26	-1	2	1
t001171	0	4	5	0	0	0
t001172	2	15	12	0	0	0
t001173	0	1	0	0	0	0
t001174	0	1	0	0	0	0
t001175	4	4	2	-1	2	0
t001176	2	2	5	0	0	0
t001177	0	2	1	1	0	0
t001178	0	1	3	0	0	0
t001179	0	0	2	0	0	0
t001180	1	0	3	0	0	0
t001181	1	4	1	0	0	0
t001182	0	0	0	0	0	0
t001183	2	6	7	0	2	0
t001185	0	4	6	0	0	-1
t001186	1	3	1	0	-1	0
t001187	54	15	1	3	0	0
t001188	1	1	0	0	0	0
t001189	1	1	0	1	0	0
t001190	0	0	0	0	0	0
t001191	26	12	1	4	-2	2
t001193	2	1	0	1	0	0
t001194	24	12	0	5	0	1
t001195	8	3	0	0	0	-2
t001196	12	2	-1	2	0	0
t001197	0	3	0	0	0	-1
t001198	3	2	0	0	0	0
t001199	4	1	-1	0	0	0
t001200	2	1	0	0	0	0
t001201	5	4	0	0	-1	0
t001202	1	0	0	0	0	0
t001203	0	0	0	0	0	0
t001204	35	13	1	2	-1	2
t001205	26	4	0	6	-1	0
t001206	1	0	0	0	0	0
t001207	3	0	0	0	0	0
t001208	1	1	0	0	0	0
t001209	0	2	0	0	0	0
t001210	2	1	0	0	0	0
t001211	8	2	0	0	0	0
t001212	3	0	0	0	0	0
t001213	1	1	0	0	0	0
t001214	3	3	0	0	0	0
t001215	3	0	0	1	0	0
t001216	1	0	0	0	0	0
t001217	10	2	1	0	0	0
t001218	3	3	0	1	0	0
t001219	1	3	0	0	0	0
t001220	1	0	0	0	0	0
t001221	4	2	0	0	0	0
t001222	0	0	0	0	0	0
t001223	9	4	0	1	-1	-1
t001224	0	1	0	0	0	0
t001225	3	0	0	0	0	0
t001226	10	2	0	0	0	0
t001227	4	2	0	0	0	0
t001228	2	0	0	0	0	0
t001229	54	5	-1	2	-1	0
t001230	89	9	0	1	0	0
t001231	1	1	0	0	0	0
t001232	14	0	0	0	0	0
t001233	2	0	0	0	0	0
t001234	0	1	0	0	0	0
t001235	0	3	0	0	0	0
t001236	5	1	0	0	0	0
t001237	0	0	0	0	0	0
t001238	0	0	0	0	0	0
t001239	34	1	1	0	0	2
t001240	6	0	0	0	0	0
t001241	1	0	0	0	0	0
t001242	0	0	0	1	0	0
t001244	1	0	0	0	0	0
t001245	0	1	0	0	0	0
t001246	0	1	0	0	0	0
t001247	1	1	0	0	0	0
t001248	1	2	0	0	0	-1
t001249	2	0	0	0	0	0
t001250	1	0	0	0	0	0
t001251	7	2	-1	0	0	1
t001252	0	-1	0	0	0	0
t001253	4	0	0	1	0	0
t001254	3	0	0	0	0	0
t001255	4	1	0	0	0	0
t001256	2	0	0	1	0	0
t001257	3	0	0	0	0	0
t001258	1	0	0	0	0	0
t001259	7	1	1	0	0	0
t001260	2	0	0	0	0	0
t001261	1	0	0	0	0	0
t001262	9	3	1	0	0	0
t001263	2	1	0	-1	0	0
t001264	0	0	0	0	0	0
t001265	2	2	1	0	0	0
t001266	0	3	0	0	0	-1
t001267	2	3	6	-2	-1	0
t001268	5	13	7	2	-1	0
t001269	4	8	2	0	-1	1
t001270	1	0	0	0	0	0
t001271	0	3	0	0	-1	0
t001272	0	0	1	0	0	0
t001273	0	0	0	0	0	0
t001274	1	1	2	0	0	0
t001275	0	2	1	0	0	0
t001276	2	2	1	0	0	0
t001277	0	3	0	0	0	0
t001278	-1	9	0	0	-1	0
t001279	1	6	3	0	0	0
t001280	1	2	0	0	0	0
t001281	0	0	2	0	0	0
t001282	0	1	0	0	0	0
t001283	0	1	0	0	0	0
t001284	0	1	1	0	0	0
t001285	-1	2	0	0	0	0
t001286	0	1	0	0	0	0
t001287	2	0	0	0	0	0
t001288	1	0	0	0	0	0
t001289	2	0	0	0	0	0
t001290	5	23	1	-3	-1	0
t001291	5	19	6	0	-1	0
t001292	0	1	0	0	0	0
t001293	0	0	0	0	0	0
t001294	2	8	3	0	0	0
t001295	0	3	2	0	0	-1
t001296	1	4	3	0	0	0
t001297	0	0	0	0	0	0
t001298	0	0	0	0	0	0
t001299	0	1	0	0	0	0
t001300	0	2	0	0	0	0
t001301	1	3	0	0	0	0
t001302	1	5	1	0	0	0
t001303	2	5	1	0	-1	0
t001304	3	4	3	0	0	0
t001305	-3	15	-3	19	0	0
t001306	-1	12	0	7	-1	0
t001307	-2	1	0	5	0	0
t001308	0	0	0	0	0	0
t001309	0	2	0	0	0	0
t001310	-1	4	1	4	0	0
t001311	0	1	0	0	0	0
t001312	18	8	1	0	-1	0
t001313	37	11	0	0	0	1
t001314	13	4	0	2	0	3
t001315	5	0	0	0	0	0
t001316	6	0	0	0	0	0
t001317	13	14	-1	0	0	0
t001318	7	3	0	2	0	0
t001319	4	15	5	2	-1	1
t001320	17	10	0	0	-1	1
t001321	22	9	1	1	2	21
t001322	1	1	0	0	0	0
t001323	27	21	0	0	16	8
t001324	16	19	1	0	0	0
t001325	20	7	0	1	0	0
t001326	0	0	0	0	0	0
t001327	14	9	0	0	36	0
t001328	17	21	2	4	33	0
t001329	8	5	2	5	25	0
t001330	3	0	0	0	1	0
t001331	3	0	0	0	1	0
t001332	1	0	0	0	1	0
t001333	1	2	0	0	0	0
t001334	1	0	0	3	3	0
t001335	0	0	0	0	0	0
t001336	1	1	0	0	2	0
t001337	4	4	0	0	9	0
t001338	0	1	0	0	0	0
t001339	6	9	2	0	14	0
t001340	8	12	1	1	8	1
t001341	0	2	0	0	0	0
t001342	3	1	0	0	1	0
t001343	2	0	0	0	4	0
t001344	1	2	0	0	2	0
t001345	89	7	0	0	0	0
t001346	83	8	1	0	0	2
t001347	40	1	0	-1	1	0
t001348	17	5	0	1	0	0
t001349	2	1	0	0	0	0
t001350	0	1	0	0	0	0
t001351	17	10	1	2	1	12
t001352	20	23	1	3	0	9
t001353	21	4	0	1	0	0
t001354	0	2	0	1	0	1
t001355	0	2	0	0	0	0
t001356	0	1	0	0	0	0
t001357	1	2	0	0	-1	0
t001358	32	10	4	0	3	-1
t001359	24	11	4	2	2	0
t001360	36	14	1	0	3	4
t001361	2	1	0	1	0	2
t001362	51	34	0	0	1	1
t001363	5	23	-6	2	0	4
t001364	14	21	0	11	0	5
t001365	3	21	-2	4	-1	0
t001366	0	2	0	0	0	0
t001367	3	2	0	0	0	0
t001368	1	0	0	0	0	0
t001369	4	1	0	0	0	0
t001370	0	-1	0	0	0	0
t001371	3	2	-1	4	1	0
t001372	0	0	0	0	0	0
t001373	0	1	0	0	0	0
t001374	1	18	3	0	-1	0
t001375	5	31	9	2	0	0
t001376	2	8	1	2	0	0
t001377	0	2	1	0	0	0
t001378	0	1	1	0	0	0
t001379	0	2	1	0	0	0
t001380	0	0	0	0	0	0
t001381	0	1	3	0	0	0
t001382	0	0	2	0	0	0
t001383	0	1	0	0	0	0
t001384	2	13	4	22	1	2
t001385	10	21	1	12	0	8
t001386	2	2	-5	6	0	0
t001387	0	1	0	0	0	0
t001388	6	8	4	1	0	9
t001390	5	0	0	0	0	2
t001391	1	2	0	0	0	0
t001392	43	35	3	6	0	0
t001393	41	7	3	0	5	0
t001394	5	6	0	2	0	0
t001395	18	8	1	0	2	0
t001396	4	2	0	0	0	0
t001397	16	30	0	4	3	6
t001398	1	1	0	0	0	0
t001399	16	12	0	2	1	2
t001400	1	18	8	8	0	0
t001401	5	10	5	5	0	2
t001402	4	13	4	4	0	1
t001403	1	19	10	1	-2	0
t001404	1	8	2	0	0	0
t001405	0	0	1	0	0	0
t001406	0	4	1	0	0	0
t001407	0	0	1	0	0	0
t001408	0	0	2	0	0	0
t001409	0	0	1	0	0	0
t001410	1	1	0	0	0	0
t001411	1	2	0	0	0	0
t001412	0	0	2	0	0	1
t001413	0	7	3	0	0	1
t001414	3	8	3	0	0	0
t001415	0	24	4	1	-1	-3
t001416	1	8	2	1	0	0
t001417	1	11	1	0	0	0
t001418	0	6	0	0	1	-2
t001419	0	0	0	0	0	0
t001420	5	16	1	1	1	5
t001421	12	46	9	2	1	0
t001422	0	0	0	0	0	0
t001423	14	36	3	1	0	4
t001424	16	14	6	0	9	1
t001425	37	9	2	1	4	4
t001426	26	9	0	-1	0	10
t001427	1	1	0	2	0	4
t001428	0	1	0	0	0	0
t001429	2	2	0	0	0	2
t001430	3	2	0	1	0	3
t001431	0	1	0	0	-1	0
t001432	3	2	0	0	0	0
t001433	16	7	0	0	0	0
t001434	18	17	2	0	0	0
t001435	16	2	0	0	0	0
t001436	3	1	0	0	0	0
t001437	9	7	2	0	0	0
t001438	6	7	2	0	0	0
t001439	0	1	0	0	0	0
t001440	0	0	1	0	0	0
t001441	6	24	10	1	2	-1
t001442	5	18	19	0	3	0
t001443	4	22	12	0	0	0
t001444	5	16	7	1	-1	0
t001445	6	10	8	2	2	0
t001446	0	6	2	0	0	0
t001447	2	14	4	1	0	1
t001448	0	0	0	0	0	0
t001449	3	17	4	0	1	0
t001450	0	0	0	0	0	-1
t001451	2	13	8	2	0	-1
t001452	0	1	0	0	0	-1
t001453	1	17	4	0	-1	0
t001454	5	21	1	1	0	2
t001455	0	17	14	0	0	0
t001456	0	16	6	3	0	0
t001457	2	11	6	2	1	1
t001458	14	12	5	3	1	2
t001459	20	38	5	3	1	0
t001460	4	4	3	2	1	0
t001461	16	12	1	2	5	1
t001462	6	5	2	4	0	0
t001464	0	1	0	0	0	0
t001465	1	0	0	0	0	0
t001466	4	4	0	0	4	0
t001467	0	0	0	0	0	0
t001468	3	2	0	0	0	0
t001469	2	0	0	0	0	0
t001470	2	1	0	1	-1	0
t001471	14	12	0	0	1	1
t001472	13	21	0	0	0	6
t001473	3	0	0	0	0	1
t001474	18	22	1	1	6	1
t001475	16	44	3	0	0	1
t001476	16	13	1	0	2	2
t001477	4	16	2	0	3	1
t001478	1	5	0	0	-1	1
t001479	1	14	2	0	1	1
t001480	4	10	0	0	1	1
t001481	1	1	0	0	0	0
t001482	3	6	0	2	0	1
t001483	3	6	0	3	0	0
t001484	12	14	0	3	0	0
t001485	25	5	1	1	2	1
t001487	16	11	0	1	1	0
t001488	14	6	0	0	1	0
t001489	36	10	0	0	0	1
t001490	31	11	0	0	2	1
t001491	4	1	0	0	2	0
t001492	2	0	0	0	1	0
t001493	12	4	0	0	1	0
t001494	0	0	0	0	0	0
t001495	10	0	0	0	3	0
t001496	1	0	0	1	1	0
t001497	4	1	0	0	2	0
t001498	21	6	0	1	7	3
t001499	15	15	1	1	-1	1
t001500	0	0	0	0	0	0
t001501	1	3	0	0	2	0
t001502	11	6	0	1	-1	0
t001503	2	0	0	0	0	0
t001504	1	1	0	0	0	0
t001505	7	5	0	0	0	1
t001506	4	8	5	1	5	0
t001507	10	6	0	0	1	0
t001508	34	7	0	0	-1	0
t001509	13	5	0	0	0	0
t001510	1	5	0	0	0	0
t001511	3	9	12	0	-1	1
t001512	7	18	3	1	-1	1
t001513	2	10	0	0	0	0
t001514	0	1	0	0	0	-1
t001515	3	6	4	1	-3	0
t001516	0	6	0	0	0	0
t001517	0	4	4	0	-2	1
t001518	0	2	3	2	0	0
t001519	4	1	4	0	0	0
t001520	6	8	13	2	0	0
t001521	0	0	0	0	0	0
t001522	-1	0	0	0	0	0
t001523	2	2	2	0	0	0
t001524	4	11	12	0	-1	0
t001525	3	19	9	0	-2	0
t001526	1	9	7	0	-1	1
t001527	2	23	1	8	-3	-1
t001528	0	9	4	2	-1	0
t001529	1	7	1	0	0	0
t001530	5	16	28	0	1	-1
t001531	5	17	13	1	0	0
t001532	0	4	0	0	-2	0
t001533	3	14	6	0	0	0
t001534	0	2	0	0	0	0
t001535	0	7	0	0	0	0
t001536	-1	3	1	0	0	0
t001537	1	3	0	0	0	1
t001538	0	1	0	0	0	0
t001539	0	1	0	0	0	0
t001540	0	0	0	0	0	0
t001541	0	1	1	0	0	0
t001542	0	0	0	0	0	0
t001543	0	0	0	0	0	0
t001544	0	19	11	1	0	0
t001545	-3	12	6	-4	3	0
t001546	12	13	2	-1	20	0
t001547	0	0	1	0	1	0
t001548	0	0	0	0	0	0
t001549	0	0	0	0	3	0
t001550	0	0	0	0	0	0
t001551	0	0	0	0	0	0
t001552	2	1	1	0	0	0
t001553	0	0	1	0	0	0
t001554	0	0	0	0	0	0
t001555	1	2	0	0	1	0
t001556	7	14	2	3	-2	-1
t001557	7	13	13	0	0	0
t001558	2	9	0	0	-3	1
t001559	12	10	2	1	0	0
t001560	4	11	1	3	-2	0
t001561	0	12	1	1	0	2
t001562	0	5	0	0	0	0
t001563	14	7	0	1	1	2
t001564	17	10	0	0	1	5
t001565	2	2	0	3	0	0
t001566	2	6	0	1	0	0
t001567	12	8	0	2	1	-2
t001568	6	10	0	1	1	2
t001569	10	5	0	2	3	1
t001570	31	8	0	1	0	1
t001571	7	4	0	1	0	0
t001572	9	3	0	0	0	0
t001573	39	4	0	-1	1	0
t001574	33	1	0	1	0	0
t001575	24	7	0	0	0	0
t001576	42	5	1	1	0	2
t001577	26	6	0	0	2	1
t001578	16	3	0	0	9	0
t001579	2	5	0	0	0	0
t001580	20	9	0	0	3	0
t001581	5	5	0	0	0	0
t001582	5	9	0	1	0	0
t001583	11	12	0	0	13	0
t001584	1	3	0	0	5	0
t001585	9	4	1	0	28	0
t001586	2	3	1	0	21	0
t001587	0	0	0	0	0	0
t001588	2	3	0	0	11	0
t001589	3	6	1	0	0	-1
t001590	0	3	0	0	0	0
t001591	0	2	0	0	0	0
t001592	7	8	6	2	0	0
t001593	7	15	10	1	0	0
t001594	4	20	8	4	-3	0
t001595	3	5	-1	4	-2	1
t001596	-1	7	11	0	0	1
t001597	-4	13	9	0	1	0
t001598	-1	4	4	1	0	0
t001599	1	9	7	-1	0	0
t001600	0	10	4	0	0	-1
t001601	1	17	2	0	0	0
t001602	3	11	0	3	0	1
t001603	0	9	0	0	0	0
t001604	0	3	9	0	0	0
t001605	1	2	3	2	0	1
t001606	5	17	5	0	-1	0
t001607	0	4	1	0	-2	0
t001608	2	1	2	0	0	0
t001609	7	17	3	3	-1	-2
t001610	8	12	1	0	1	-1
t001611	0	10	3	0	0	1
t001612	9	17	3	4	3	0
t001613	18	16	0	2	0	-1
t001614	6	6	0	0	0	1
t001615	7	4	0	3	0	13
t001616	0	1	0	0	0	0
t001617	0	0	0	0	0	0
t001618	2	15	0	1	1	0
t001619	3	13	0	3	0	2
t001620	3	9	1	0	2	0
t001621	-2	17	0	0	0	0
t001622	11	15	1	2	4	3
t001623	6	7	0	6	0	5
t001624	4	10	0	3	0	-5
t001625	10	9	0	2	1	4
t001626	1	9	1	2	0	1
t001627	6	11	0	0	0	0
t001628	0	14	0	2	0	-1
t001629	19	14	0	1	2	-1
t001630	3	14	0	5	-1	0
t001631	9	8	3	5	0	3
t001632	19	11	0	1	2	3
t001633	26	12	1	0	2	0
t001634	5	6	0	-1	1	0
t001635	15	8	0	0	0	1
t001636	9	5	-1	0	4	0
t001637	8	9	3	1	3	0
t001638	7	4	1	0	2	0
t001639	5	12	2	0	2	0
t001640	34	8	0	1	2	1
t001641	28	16	1	0	2	-1
t001642	11	9	2	0	6	0
t001643	34	16	0	0	3	0
t001644	17	12	0	0	1	0
t001645	6	21	2	1	10	0
t001646	17	8	0	0	0	1
t001647	50	3	0	1	1	0
t001648	1	0	0	0	0	0
t001649	48	12	0	0	0	1
t001650	1	1	0	0	0	0
t001651	17	12	-1	0	-1	-2
t001652	8	14	3	2	6	0
t001653	17	16	1	0	14	0
t001654	11	7	2	0	9	-1
t001655	45	7	0	0	-7	0
t001656	36	20	0	1	0	2
t001657	8	10	0	1	0	0
t001658	0	0	0	0	0	0
t001659	32	8	0	7	-7	0
t001660	0	0	0	0	0	0
t001661	2	31	0	0	-2	0
t001662	12	24	6	1	-2	0
t001663	4	12	3	1	0	-1
t001664	0	13	4	2	-6	0
t001665	5	14	9	3	-3	0
t001666	2	14	4	-1	-3	0
t001667	0	2	0	0	0	0
t001668	0	0	0	0	0	0
t001669	0	1	0	0	0	0
t001670	1	2	1	1	0	0
t001671	1	5	2	1	0	0
t001672	0	0	0	0	0	0
t001673	-1	8	3	0	0	0
t001674	2	10	5	-1	0	0
t001675	1	11	6	2	-3	0
t001676	2	6	3	0	0	0
t001677	0	0	0	0	0	0
t001678	5	9	4	-1	-1	0
t001679	-1	0	0	0	0	0
t001680	4	4	0	-1	2	0
t001681	2	5	20	1	0	2
t001682	7	12	14	0	5	2
t001683	6	11	0	0	0	3
t001684	7	12	1	3	-2	0
t001685	10	6	1	1	1	0
t001686	31	10	1	1	1	2
t001687	33	7	0	2	0	0
t001688	50	5	0	-1	1	1
t001689	16	-5	0	0	0	0
t001690	5	2	0	0	0	0
t001691	16	4	0	0	0	3
t001692	24	3	0	0	0	0
t001693	5	2	0	1	0	0
t001694	30	12	0	0	1	1
t001695	3	0	0	0	1	0
t001696	16	6	2	0	7	1
t001697	11	2	0	1	2	-1
t001698	2	0	0	0	0	0
t001699	17	6	0	0	0	1
t001700	11	1	0	-1	0	0
t001701	13	1	0	0	3	-1
t001702	3	4	0	0	0	-1
t001703	6	15	0	1	3	3
t001704	5	3	0	1	-1	-1
t001705	0	0	0	0	0	-1
t001706	4	10	0	6	0	0
t001707	2	4	0	0	0	0
t001708	7	9	0	0	1	3
t001709	0	0	0	0	0	0
t001710	10	1	0	0	1	0
t001711	0	1	1	1	0	0
t001712	0	0	0	0	0	0
t001713	1	4	0	0	0	0
t001714	4	2	0	0	0	0
t001715	0	1	1	0	0	0
t001716	0	8	0	1	0	0
t001717	0	2	0	0	0	0
t001718	2	8	0	0	0	2
t001719	1	0	2	0	0	0
t001720	3	18	4	2	0	2
t001721	0	0	0	0	0	0
t001722	8	4	0	1	1	0
t001723	11	14	1	4	1	4
t001724	11	7	2	4	6	-2
t001725	5	5	0	1	1	0
t001726	7	16	1	1	-2	1
t001727	2	11	4	0	13	0
t001728	10	22	6	1	14	0
t001729	16	19	3	2	4	2
t001730	7	14	4	0	11	0
t001731	9	11	5	1	1	0
t001732	41	1	1	2	-4	0
t001733	35	7	0	0	-1	3
t001734	2	0	0	0	0	0
t001735	52	7	0	1	0	0
t001736	30	18	0	3	0	0
t001737	16	4	0	0	0	0
t001738	0	0	0	1	0	0
t001739	0	10	0	0	0	2
t001740	0	1	0	0	0	0
t001741	8	15	0	3	-1	0
t001742	-2	2	-2	6	0	0
t001743	-3	5	-3	8	-2	1
t001744	1	5	-2	4	0	1
t001745	14	15	0	1	1	16
t001746	7	10	0	1	3	23
t001747	10	12	-1	3	1	26
t001748	19	7	0	5	0	9
t001749	0	1	0	0	0	1
t001750	3	4	0	0	0	3
t001751	0	0	0	0	0	0
t001752	13	12	1	4	-1	-1
t001753	13	19	0	1	1	1
t001754	7	22	1	6	0	0
t001755	3	11	4	4	0	0
t001756	1	5	4	1	0	0
t001757	0	4	4	2	0	0
t001758	5	9	-1	2	0	0
t001759	22	7	0	1	0	1
t001760	10	2	0	0	0	0
t001761	6	2	0	1	0	0
t001762	33	15	0	-1	6	5
t001763	27	1	-1	0	0	0
t001764	17	8	2	0	0	17
t001765	27	11	0	3	0	4
t001766	17	14	2	4	2	0
t001767	19	5	0	4	0	1
t001768	15	5	0	2	0	-1
t001769	5	1	0	0	0	0
t001770	3	7	-2	4	-1	0
t001771	0	11	0	9	0	1
t001772	1	12	0	12	0	1
t001773	-2	8	-2	11	0	-1
t001774	52	14	1	1	2	-1
t001775	26	7	1	6	1	0
t001776	9	2	0	2	0	1
t001777	7	3	-1	2	-1	0
t001778	45	18	0	2	-1	0
t001779	30	18	0	1	-2	-1
t001780	6	3	0	0	-1	0
t001781	8	2	0	0	0	0
t001782	14	9	2	7	-1	1
t001783	20	8	0	0	0	-1
t001784	39	18	0	0	0	0
t001785	55	9	1	1	1	0
t001786	7	18	-2	1	0	0
t001787	33	10	0	4	-1	3
t001788	1	2	0	0	0	0
t001789	0	6	0	0	0	0
t001790	26	23	-10	2	0	1
t001791	12	8	-1	3	0	14
t001792	0	0	0	0	0	0
t001793	11	9	-4	8	0	3
t001794	5	0	0	1	0	3
t001795	10	2	0	0	0	4
t001796	7	32	1	1	0	0
t001797	2	19	8	1	0	0
t001798	1	8	0	-1	0	0
t001799	1	5	0	0	0	0
t001800	3	10	2	17	-1	-1
t001801	0	8	5	26	0	2
t001802	5	24	0	2	0	1
t001803	14	12	-1	2	1	9
t001804	0	16	0	4	0	2
t001805	7	24	0	0	0	-1
t001806	12	12	0	0	0	0
t001807	2	3	0	0	0	1
t001808	0	3	1	0	-1	2
t001809	9	16	0	1	1	1
t001810	9	15	-1	1	1	2
t001811	16	17	6	0	-2	2
t001812	14	12	1	1	0	0
t001813	4	17	25	2	0	1
t001814	7	16	9	2	0	0
t001815	0	4	9	0	0	0
t001816	2	5	8	1	0	0
t001817	2	15	6	1	0	-1
t001818	5	18	8	1	-3	1
t001819	1	4	5	0	0	0
t001820	1	4	9	0	0	0
t001821	2	15	2	0	-1	0
t001822	5	14	5	0	0	0
t001823	1	11	4	0	0	0
t001824	2	10	5	1	0	1
t001825	4	14	15	0	1	0
t001826	1	8	4	0	-1	-2
t001827	6	18	8	1	0	0
t001828	5	28	1	1	0	0
t001829	0	1	0	0	0	0
t001830	0	2	0	0	0	0
t001831	6	9	2	0	0	0
t001832	14	29	4	0	-1	0
t001833	7	23	5	2	-3	0
t001834	5	5	2	2	0	0
t001835	4	4	0	0	-1	0
t001836	10	5	0	12	0	0
t001837	14	14	0	8	3	0
t001838	4	2	0	0	0	0
t001839	10	8	0	0	0	0
t001840	43	8	0	1	0	0
t001841	33	7	0	0	-1	0
t001842	9	4	0	0	0	3
t001843	3	1	1	0	0	0
t001844	44	13	3	0	1	1
t001845	29	14	0	1	-1	0
t001846	8	2	0	2	2	0
t001847	14	1	0	1	-1	0
t001848	41	14	0	2	1	5
t001849	16	0	0	0	0	0
t001850	11	7	0	0	1	0
t001851	7	2	0	0	1	0
t001852	5	3	0	0	0	0
t001853	16	14	-1	1	6	0
t001854	5	6	2	10	4	-1
t001855	6	5	0	1	2	0
t001856	2	6	0	0	0	0
t001857	43	8	0	2	2	9
t001858	43	6	-1	0	4	0
t001859	11	1	0	0	0	0
t001860	12	0	0	0	0	0
t001861	0	6	3	8	1	0
t001862	1	8	1	2	0	0
t001863	0	13	0	7	1	0
t001864	11	4	1	5	4	0
t001865	0	2	1	1	2	0
t001866	2	0	0	2	0	0
t001867	1	2	1	2	0	1
t001868	1	13	-1	6	0	0
t001869	2	21	-3	8	0	0
t001870	-3	3	-1	10	0	0
t001871	-1	2	2	5	0	1
t001872	-2	0	0	1	0	0
t001873	8	12	7	0	0	0
t001874	2	11	3	1	0	3
t001875	2	4	1	0	0	0
t001876	6	3	0	0	-1	2
t001877	16	30	6	7	0	4
t001878	18	25	6	0	5	0
t001879	8	10	12	3	0	-4
t001880	3	13	6	0	0	0
t001881	2	10	4	0	0	0
t001882	0	3	0	0	0	0
t001883	1	13	11	0	0	0
t001884	3	9	8	0	-3	-1
t001885	2	17	5	1	-3	1
t001886	6	20	4	2	-3	0
t001887	0	10	1	0	-1	0
t001888	1	5	10	0	0	-2
t001889	7	32	2	2	0	1
t001890	13	12	8	1	-6	0
t001891	2	8	3	0	0	0
t001892	0	2	0	1	-2	0
t001893	0	13	6	2	-1	0
t001894	12	10	5	0	-2	1
t001895	0	6	3	0	0	0
t001896	2	1	3	0	0	0
t001897	9	16	12	0	0	1
t001898	2	8	10	1	-4	0
t001899	6	9	0	1	0	0
t001900	2	0	3	0	-1	0
t001901	1	5	1	0	0	0
t001902	2	30	2	0	0	0
t001903	2	14	15	0	0	-1
t001904	12	8	5	0	-1	0
t001905	0	0	0	0	0	0
t001906	1	2	0	3	0	-1
t001907	8	4	0	0	0	0
t001908	1	13	7	7	-1	0
t001909	8	13	0	2	1	0
t001910	1	2	1	0	0	0
t001911	0	0	0	0	0	0
t001912	0	0	0	0	0	0
t001913	14	15	-2	4	-1	17
t001914	19	15	0	1	0	2
t001915	19	4	0	1	0	1
t001916	7	3	0	0	0	0
t001917	46	16	0	2	1	3
t001918	27	11	0	2	0	0
t001919	11	3	0	0	0	-1
t001920	9	1	0	2	0	0
t001921	1	13	1	1	-1	0
t001922	10	8	0	3	-1	3
t001923	5	6	-5	3	-1	0
t001924	1	0	0	0	0	1
t001925	14	6	-1	5	-1	1
t001926	41	3	0	1	-2	0
t001927	25	4	0	3	0	0
t001928	9	5	0	0	0	0
t001929	16	2	0	5	0	0
t001930	6	15	0	6	1	3
t001931	11	13	0	7	1	1
t001932	4	26	12	2	0	0
t001933	0	1	0	0	0	0
t001934	3	12	0	1	0	0
t001935	1	5	4	2	0	1
t001936	0	5	4	0	0	0
t001937	5	16	6	4	0	3
t001938	0	1	0	0	0	0
t001939	0	12	4	1	0	1
t001941	11	13	3	1	-2	0
t001942	6	1	0	2	0	9
t001943	0	2	0	2	0	3
t001944	1	0	0	1	-1	2
t001945	1	3	0	0	0	0
t001946	0	17	1	1	0	1
t001947	26	10	1	4	-1	1
t001948	10	1	-2	2	0	0
t001949	17	9	1	6	-1	0
t001950	27	9	1	2	1	8
t001951	11	27	8	2	1	0
t001952	10	26	4	0	-1	0
t001953	0	20	10	2	0	0
t001954	1	19	1	4	0	0
t001955	1	17	10	4	-1	0
t001956	13	9	9	3	2	3
t001957	0	20	5	-3	-1	2
t001958	7	20	9	2	-2	0
t001959	2	20	7	1	-1	4
t001960	1	7	3	0	-6	0
t001961	0	3	4	0	0	0
t001962	15	14	6	3	0	0
t001963	11	9	0	3	0	0
t001964	3	1	0	0	0	0
t001965	1	10	1	1	0	0
t001966	2	27	10	0	0	0
t001967	1	9	15	0	1	0
t001968	1	3	7	0	-3	0
t001969	1	5	1	0	-2	1
t001970	1	18	6	0	0	0
t001971	2	20	7	1	-9	0
t001972	0	3	1	0	0	0
t001973	0	10	1	0	-2	0
t001974	7	24	9	2	0	0
t001975	4	13	10	1	0	0
t001976	5	27	6	1	0	0
t001977	0	15	8	0	0	0
t001978	0	7	2	0	-2	0
t001979	0	8	3	0	0	0
t001980	1	9	3	6	0	1
t001981	12	12	4	3	-1	1
t001982	1	8	3	1	-3	0
t001983	3	2	0	0	-1	0
t001984	3	15	10	1	1	0
t001985	1	12	5	1	0	0
t001986	0	8	2	0	0	0
t001987	0	5	0	0	0	0
t001988	1	23	7	-1	0	0
t001989	1	16	5	1	0	-1
t001990	0	4	3	-1	0	0
t001991	-3	7	5	0	0	0
t001992	4	14	2	1	-1	0
t001993	5	26	6	0	-2	-1
t001994	1	16	8	3	0	0
t001995	1	1	1	0	0	0
t001996	1	7	4	0	-1	-2
t001997	4	31	5	3	0	0
t001998	2	17	6	1	-1	0
t001999	1	12	4	2	-4	2
t002000	1	1	0	0	0	1
t002001	0	0	0	1	0	1
t002002	3	4	0	0	0	1
t002003	0	3	1	0	0	1
t002004	1	6	3	2	0	0
t002005	12	12	24	2	2	0
t002006	5	10	18	0	1	0
t002007	0	2	8	0	0	0
t002008	2	2	1	0	0	-1
t002009	3	17	5	4	-1	2
t002010	1	10	6	2	0	0
t002011	0	0	0	0	0	0
t002012	0	0	0	1	0	0
t002013	0	0	2	0	0	0
t002014	1	5	1	0	0	0
t002015	6	28	5	3	0	6
t002016	3	21	4	0	0	0
t002017	23	7	0	3	0	3
t002018	17	3	1	2	0	0
t002019	36	8	1	2	-1	2
t002020	13	8	0	0	0	0
t002021	2	2	1	3	0	0
t002022	13	4	0	1	0	1
t002023	28	7	0	3	0	1
t002024	26	3	0	2	-2	0
t002025	22	8	0	4	1	0
t002026	27	6	0	2	-1	0
t002027	2	0	0	1	0	0
t002028	1	1	0	0	0	0
t002029	11	4	0	1	0	0
t002030	9	2	0	1	-1	0
t002031	0	0	0	0	0	0
t002032	9	1	0	1	0	0
t002033	1	0	0	0	0	0
t002034	4	0	0	1	-1	0
t002035	0	0	0	0	0	0
t002036	6	0	0	0	0	0
t002037	20	8	0	1	14	0
t002038	11	7	0	0	11	0
t002039	5	6	0	0	5	0
t002040	2	12	0	0	18	0
t002041	3	4	0	0	3	0
t002042	0	2	0	0	1	0
t002043	-7	13	0	18	-2	0
t002044	1	6	1	7	-1	0
t002045	0	1	0	0	0	0
t002046	0	0	0	0	0	0
t002047	0	6	-1	0	0	0
t002048	0	0	0	1	0	0
t002049	2	9	0	4	0	0
t002050	1	2	0	1	0	0
t002051	3	0	0	1	0	0
t002052	1	4	0	1	-1	0
t002053	2	0	0	1	0	0
t002054	1	14	2	3	-1	0
t002055	2	8	1	-4	0	0
t002056	0	8	2	0	-3	0
t002057	0	1	0	-1	0	0
t002058	0	2	0	0	0	0
t002059	1	6	0	0	0	0
t002060	13	26	9	1	0	0
t002061	6	21	1	0	0	0
t002062	1	18	3	3	-2	2
t002063	5	16	3	0	1	1
t002064	1	11	0	1	0	0
t002065	0	18	2	0	1	0
t002066	40	6	1	3	0	3
t002067	29	9	0	0	-1	0
t002068	4	1	0	0	0	0
t002069	20	2	0	0	0	0
t002070	29	3	0	4	-2	10
t002071	3	0	0	0	0	0
t002072	19	1	0	5	0	1
t002073	18	10	0	11	0	22
t002074	7	12	0	2	-1	24
t002075	10	7	-1	3	0	19
t002076	14	1	-1	10	0	34
t002077	2	1	0	0	0	0
t002078	8	2	0	2	0	0
t002079	20	11	1	7	1	0
t002080	3	1	0	0	0	0
t002081	6	5	0	1	-1	0
t002082	1	1	0	0	-1	0
t002083	5	11	0	1	-1	0
t002084	3	3	0	0	0	0
t002085	28	9	0	1	2	2
t002086	25	5	0	0	0	0
t002087	14	11	0	0	0	0
t002088	8	1	0	0	0	0
t002089	23	4	0	2	0	0
t002090	18	8	0	0	-1	2
t002091	22	3	0	1	1	0
t002092	14	5	0	0	1	1
t002093	1	0	0	0	0	0
t002094	2	1	0	0	0	0
t002095	9	2	0	0	0	1
t002096	3	10	-1	0	0	0
t002097	3	4	0	3	0	0
t002098	0	0	0	0	0	0
t002099	1	4	0	2	0	0
t002100	14	11	1	2	-2	-1
t002101	3	2	2	2	0	-1
t002102	2	3	0	4	1	0
t002103	5	4	1	2	0	1
t002104	0	2	0	1	0	0
t002105	18	24	4	3	-1	3
t002106	20	19	0	3	0	2
t002107	10	10	0	1	0	1
t002108	7	0	0	0	0	0
t002109	0	1	0	0	0	-1
t002110	9	7	0	3	0	0
t002111	9	6	0	7	0	17
t002112	24	9	0	3	0	18
t002113	0	0	0	0	-1	1
t002114	20	8	0	0	0	6
t002115	34	7	0	1	1	2
t002116	16	8	-2	3	-1	0
t002117	25	10	0	5	0	1
t002118	51	3	-1	4	-2	3
t002119	10	1	0	1	0	0
t002120	-8	11	-6	8	0	-1
t002121	5	17	-1	5	-2	0
t002122	2	15	3	4	0	0
t002123	0	24	8	2	-1	-1
t002124	3	16	4	1	0	1
t002125	8	22	3	0	0	0
t002126	8	17	1	3	0	0
t002127	3	25	4	0	0	-1
t002128	3	16	9	5	0	0
t002129	2	11	9	1	1	1
t002130	2	13	12	-1	-2	0
t002131	1	17	6	2	-1	-3
t002132	16	5	5	0	15	0
t002133	13	12	0	2	16	0
t002134	1	0	0	0	1	0
t002135	7	12	0	3	8	0
t002136	1	15	0	-1	10	0
t002137	19	5	0	1	4	0
t002138	23	13	0	3	0	6
t002139	10	14	0	4	0	-1
t002140	1	22	3	6	0	-2
t002141	2	9	0	2	0	0
t002142	13	6	0	0	0	0
t002143	0	1	0	0	0	0
t002144	2	0	0	0	0	0
t002146	0	0	0	0	0	0
t002147	2	8	-3	8	-1	0
t002148	2	7	-1	1	0	2
t002149	3	9	-2	3	-2	-2
t002150	2	10	0	0	0	0
t002151	4	5	0	1	0	0
t002152	13	15	0	13	1	2
t002153	1	0	0	0	0	0
t002154	-1	10	2	2	1	0
t002155	-2	11	0	6	2	4
t002156	0	4	0	0	0	0
t002157	14	25	0	3	-1	8
t002158	23	17	0	5	-1	3
t002159	10	34	2	1	-1	1
t002160	0	29	0	1	1	0
t002161	1	16	0	1	0	0
t002162	3	21	0	1	0	0
t002163	5	2	2	0	-1	0
t002164	0	11	3	0	-3	0
t002165	1	17	11	0	1	1
t002166	0	3	1	0	0	0
t002167	0	6	2	0	0	-2
t002168	1	0	0	0	0	0
t002169	0	2	1	0	-1	0
t002170	0	2	0	0	1	0
t002171	0	11	6	-1	-1	-1
t002172	0	0	0	0	0	0
t002173	1	12	2	1	0	0
t002174	1	17	5	0	0	-1
t002175	1	19	2	3	-3	-2
t002176	2	4	3	1	-1	0
t002177	0	1	0	0	0	0
t002178	2	7	3	0	-1	0
t002179	1	0	0	0	0	0
t002180	0	3	3	0	-3	0
t002181	6	14	7	1	0	-1
t002182	4	15	5	0	-1	0
t002183	0	19	4	0	1	1
t002184	2	11	3	0	0	0
t002185	1	7	2	0	0	0
t002186	3	10	3	0	0	0
t002187	3	22	0	0	1	1
t002188	7	19	0	2	-1	0
t002189	8	20	1	3	0	1
t002190	1	6	0	5	0	1
t002191	6	7	0	5	-1	6
t002192	3	9	0	9	0	0
t002193	4	5	-2	5	0	1
t002194	7	9	-1	10	0	10
t002195	2	1	0	4	0	1
t002196	1	1	0	2	-1	-1
t002197	2	-1	0	4	0	0
t002198	0	-3	0	5	0	0
t002199	2	3	0	7	0	-2
t002200	3	3	0	6	0	-1
t002201	3	6	0	0	0	0
t002202	0	3	0	1	0	0
t002203	0	2	0	4	0	0
t002204	0	0	0	0	0	0
t002205	2	2	0	3	0	0
t002206	1	4	0	2	0	0
t002207	0	3	0	1	-1	0
t002208	0	10	1	14	0	2
t002209	6	14	-1	23	0	1
t002210	0	0	0	0	0	0
t002212	1	3	2	6	-1	0
t002213	5	5	-3	16	-1	6
t002214	1	9	0	7	-2	4
t002215	0	3	0	12	0	2
t002216	5	0	0	0	0	0
t002217	37	15	0	2	1	1
t002218	28	9	0	6	0	0
t002219	16	10	-1	1	0	0
t002220	21	2	0	3	1	0
t002221	12	4	1	2	-1	0
t002222	18	5	0	0	1	1
t002223	0	0	0	0	0	0
t002224	28	10	0	2	-1	1
t002225	7	9	0	3	3	1
t002226	1	0	0	0	3	0
t002227	14	9	1	2	12	1
t002228	4	1	0	0	5	0
t002229	0	0	0	0	0	0
t002230	3	3	0	0	0	3
t002231	0	0	1	0	0	0
t002232	0	1	0	0	0	0
t002233	0	4	0	0	1	0
t002234	1	8	0	3	0	2
t002235	0	1	0	0	0	0
t002236	1	0	0	0	0	0
t002237	1	8	1	1	0	1
t002238	0	5	1	0	0	0
t002239	5	8	0	1	0	-1
t002240	5	13	0	0	-2	2
t002241	0	1	0	0	0	0
t002242	0	1	0	0	0	0
t002243	0	1	0	0	0	0
t002245	0	0	0	0	0	0
t002246	9	1	0	0	0	0
t002247	0	0	0	0	0	0
t002248	12	6	0	2	-1	31
t002249	21	22	4	2	0	5
t002250	15	13	1	3	-8	-1
t002251	15	14	0	5	-11	0
t002252	9	5	0	0	-1	0
t002253	1	1	0	0	0	0
t002254	0	3	0	0	0	0
t002255	5	3	0	1	-1	-2
t002256	26	11	0	10	1	0
t002257	30	6	0	8	-3	1
t002258	38	7	0	3	-1	1
t002259	36	22	0	2	0	0
t002260	4	14	1	7	-2	22
t002261	24	8	0	7	0	38
t002262	9	4	-1	4	0	16
t002263	11	4	0	0	0	5
t002264	0	1	0	0	0	2
t002265	10	7	0	8	0	28
t002266	23	8	3	2	0	19
t002267	38	5	0	0	0	2
t002268	2	0	0	0	-1	0
t002270	33	8	0	1	0	0
t002271	7	1	0	0	0	0
t002272	15	4	0	2	0	0
t002273	7	2	0	0	0	0
t002274	10	0	0	0	0	0
t002275	3	1	0	0	0	0
t002276	1	1	0	0	-1	0
t002277	0	0	0	1	0	0
t002278	1	17	13	0	-1	0
t002279	0	21	9	0	0	4
t002281	17	20	3	2	-1	1
t002282	12	20	8	0	1	0
t002283	0	2	0	1	0	0
t002284	8	10	-3	16	0	2
t002285	11	16	0	6	-1	1
t002286	12	11	-3	3	5	-2
t002287	17	16	-8	3	11	0
t002288	21	0	0	1	1	0
t002289	9	5	0	2	0	0
t002290	10	8	1	9	-1	13
t002291	8	7	6	7	1	12
t002292	15	22	4	3	1	0
t002293	8	11	0	0	0	0
t002294	8	18	0	3	0	2
t002295	2	11	-1	8	-1	0
t002296	0	4	0	0	0	0
t002297	0	2	0	0	0	0
t002298	0	-1	0	0	0	0
t002299	0	1	-1	0	0	0
t002300	0	1	0	0	0	0
t002301	20	3	0	1	0	3
t002302	22	18	2	2	0	0
t002303	6	5	0	19	0	0
t002304	2	2	0	10	-3	0
t002305	1	4	0	5	0	0
t002306	0	0	0	0	0	0
t002307	25	3	0	1	0	1
t002308	21	13	0	3	0	4
t002309	8	5	1	3	-1	1
t002310	2	5	0	0	0	0
t002311	10	14	0	2	0	0
t002312	15	15	1	4	-1	1
t002313	22	16	2	12	0	5
t002314	2	11	0	2	-4	4
t002315	12	22	2	9	-1	4
t002316	15	7	0	0	1	0
t002317	6	7	0	2	0	0
t002318	0	0	0	0	0	0
t002319	20	12	0	1	0	1
t002320	18	9	0	1	0	0
t002321	3	10	0	4	0	1
t002322	22	3	0	3	-2	0
t002323	9	8	0	5	0	0
t002324	13	1	0	0	0	0
t002325	32	12	-1	0	0	0
t002326	29	7	0	2	2	3
t002327	8	9	0	1	0	2
t002328	16	8	1	1	-1	2
t002329	15	6	0	0	0	1
t002330	8	1	0	4	1	0
t002331	0	0	0	0	0	0
t002332	12	12	0	2	0	-1
t002333	6	9	0	2	-1	-3
t002334	2	6	0	0	-1	0
t002335	10	17	0	24	-1	1
t002336	4	5	1	7	0	1
t002337	3	0	1	11	0	2
t002338	2	13	3	25	0	0
t002339	4	3	3	10	-1	1
t002340	0	1	2	8	0	0
t002341	2	25	16	2	1	0
t002342	2	11	5	3	-1	0
t002343	3	10	1	1	0	1
t002344	16	19	7	1	0	0
t002345	8	13	4	1	0	0
t002346	1	8	2	1	0	0
t002347	3	15	3	2	0	0
t002348	16	9	-1	3	0	0
t002349	11	1	0	0	0	-2
t002350	18	15	0	1	-3	-1
t002351	20	10	0	0	-1	0
t002352	11	3	0	1	0	-3
t002353	3	7	2	-1	-1	-1
t002354	0	2	0	0	0	0
t002355	1	3	2	0	-1	0
t002356	-1	11	5	0	0	0
t002357	1	12	11	5	0	-1
t002358	0	5	0	0	0	0
t002359	15	16	0	4	0	1
t002360	4	5	0	2	-1	0
t002361	1	11	0	3	1	2
t002362	20	14	1	4	0	9
t002363	17	6	0	5	2	13
t002364	4	5	0	0	0	6
t002365	21	9	0	3	0	17
t002366	12	6	0	4	0	11
t002367	10	5	0	3	-1	12
t002368	17	16	-1	1	0	5
t002369	15	10	1	11	0	-1
t002370	9	2	0	0	0	-1
t002371	18	9	0	4	1	3
t002372	5	8	0	1	0	0
t002373	23	3	0	2	0	8
t002374	12	11	0	0	0	2
t002375	9	2	0	2	0	0
t002376	26	8	0	2	1	6
t002377	5	3	0	0	0	0
t002378	0	4	0	1	0	0
t002379	1	4	0	0	0	0
t002380	1	1	0	0	0	0
t002381	11	18	0	2	-1	0
t002382	14	20	0	2	0	0
t002383	6	18	0	1	1	0
t002384	35	15	1	9	0	0
t002385	18	15	0	0	0	0
t002386	8	4	0	1	0	1
t002387	7	12	0	5	1	2
t002388	4	19	0	6	0	3
t002389	1	21	3	6	0	-1
t002390	1	3	0	0	0	0
t002391	8	3	0	1	0	1
t002392	1	11	0	1	-1	1
t002393	34	7	0	0	1	9
t002394	11	7	0	1	0	1
t002395	18	2	0	1	0	1
t002396	30	4	0	0	1	1
t002397	23	1	0	1	-1	1
t002398	12	4	0	0	0	0
t002399	3	16	0	3	2	-1
t002400	2	6	1	5	0	1
t002401	0	7	-1	1	0	0
t002402	0	0	0	0	0	0
t002403	0	0	0	0	0	0
t002404	9	11	-3	1	0	1
t002405	7	6	0	0	0	-3
t002406	6	2	-1	2	0	-2
t002407	17	9	-1	2	0	-2
t002408	13	1	-1	1	0	-2
t002409	4	4	0	3	0	-3
t002410	27	3	0	0	0	0
t002411	19	2	0	2	0	0
t002412	12	2	0	0	0	0
t002413	32	2	0	1	0	2
t002414	26	5	0	0	0	0
t002415	12	4	0	0	0	0
t002416	1	3	0	0	0	0
t002417	23	6	0	1	0	0
t002418	11	4	0	0	-1	0
t002419	9	6	0	2	0	0
t002420	15	6	0	0	-1	0
t002421	15	5	0	0	0	0
t002422	7	4	0	0	0	0
t002423	2	7	-4	9	0	0
t002424	3	5	-4	2	-1	1
t002425	0	7	-2	4	0	0
t002426	0	15	5	2	0	0
t002427	2	8	4	0	0	0
t002428	0	6	1	1	0	0
t002429	2	5	2	0	0	0
t002430	0	4	3	1	-1	0
t002431	2	5	3	0	0	0
t002432	7	11	0	0	1	0
t002433	5	8	1	0	0	0
t002434	1	5	1	1	0	0
t002435	5	8	1	0	0	0
t002436	22	4	1	1	0	1
t002437	15	0	0	0	0	0
t002438	7	7	0	4	6	0
t002439	8	6	0	5	0	0
t002440	5	5	0	4	5	1
t002441	5	6	-3	1	0	0
t002442	5	1	0	3	0	-1
t002443	6	6	0	1	2	0
t002444	3	2	0	0	0	1
t002445	4	1	0	0	0	1
t002446	14	4	0	0	0	0
t002447	27	10	0	1	0	0
t002448	30	1	0	0	0	0
t002449	8	4	0	0	0	0
t002450	30	5	0	13	0	-1
t002451	9	5	1	3	2	1
t002452	1	5	0	0	0	0
t002453	8	9	2	4	0	0
t002454	0	6	-1	0	0	-1
t002455	1	4	0	1	0	4
t002456	22	13	0	1	1	-1
t002457	14	12	0	6	0	8
t002458	2	2	0	1	0	1
t002459	21	6	-1	-1	0	0
t002460	5	8	0	4	-3	0
t002461	8	-1	0	0	0	-1
t002462	13	26	6	6	0	5
t002463	28	18	0	4	2	10
t002464	9	16	0	3	0	7
t002465	18	20	0	9	0	5
t002466	1	14	0	4	0	-2
t002467	1	13	0	3	0	0
t002468	2	8	0	5	0	0
t002469	28	10	0	3	0	1
t002470	25	4	0	1	-1	-1
t002471	20	1	0	0	0	1
t002472	3	7	1	2	0	0
t002473	0	1	0	0	0	0
t002474	16	10	0	2	0	-1
t002475	7	2	0	0	0	0
t002476	11	14	9	0	-1	-1
t002477	14	7	0	0	-1	-1
t002478	0	4	3	2	0	0
t002479	6	5	0	6	0	2
t002480	7	8	0	7	-1	2
t002481	1	2	0	2	0	0
t002482	23	9	0	3	-1	0
t002483	5	4	0	1	0	2
t002484	9	4	0	3	0	0
t002485	23	9	0	3	0	0
t002486	16	16	0	3	-2	6
t002487	22	8	0	1	0	-1
t002488	42	9	0	-4	0	0
t002489	37	6	0	-3	0	0
t002490	19	0	0	0	0	-1
t002491	15	11	0	8	1	3
t002492	3	3	0	0	0	0
t002493	17	5	0	0	2	8
t002494	18	0	0	0	0	0
t002495	7	12	1	2	2	-1
t002496	6	8	0	0	0	0
t002497	4	6	0	0	0	0
t002498	28	3	-3	1	0	3
t002499	27	2	0	5	1	2
t002500	15	3	0	0	0	0
t002501	13	9	0	7	-1	2
t002502	20	18	1	0	0	0
t002503	9	3	0	0	0	0
t002504	25	4	2	-1	-1	0
t002505	22	9	3	-1	3	0
t002506	13	11	0	0	0	0
t002507	7	10	0	4	1	0
t002508	13	8	0	0	0	0
t002509	6	4	1	0	0	0
t002510	17	15	0	0	-2	0
t002511	5	0	0	0	0	0
t002512	19	5	0	2	-6	0
t002513	4	2	0	0	0	0
t002514	6	13	1	4	1	0
t002515	14	5	0	0	0	0
t002516	3	7	0	1	0	1
t002517	8	5	0	2	0	0
t002518	26	15	0	0	0	2
t002519	7	3	0	-1	0	0
t002520	6	10	4	0	3	0
t002521	9	7	1	0	8	-3
t002522	8	10	3	1	0	0
t002523	2	14	1	7	-1	1
t002524	-1	14	0	6	0	6
t002525	-1	7	-2	0	0	2
t002526	-1	11	-2	7	0	5
t002527	0	14	0	4	0	0
t002528	2	6	0	1	0	1
t002529	9	15	-5	4	-1	2
t002530	6	22	1	9	1	5
t002531	7	13	0	0	0	-1
t002532	4	8	0	0	0	0
t002533	1	6	2	0	0	1
t002534	17	28	0	2	-1	2
t002535	4	12	1	0	0	0
t002536	1	10	-1	2	-2	3
t002537	2	14	6	1	-2	3
t002538	9	9	0	4	1	-1
t002539	0	2	0	0	0	0
t002540	0	6	1	0	-5	0
t002541	15	3	0	0	0	0
t002542	45	7	0	-1	1	0
t002543	20	11	0	0	0	0
t002544	17	3	-1	0	-1	0
t002545	21	15	8	0	-1	0
t002546	8	9	0	0	0	0
t002547	19	12	4	0	0	0
t002548	14	14	-3	2	0	1
t002549	24	14	0	0	0	0
t002550	16	7	-1	-1	0	0
t002551	25	18	1	1	0	3
t002552	6	6	0	0	-1	0
t002553	16	9	0	0	2	0
t002554	28	20	0	1	3	0
t002555	29	7	0	0	0	0
t002556	19	4	0	-1	1	0
t002557	30	10	0	0	0	0
t002558	14	7	0	1	3	0
t002559	20	4	0	0	0	0
t002560	10	15	4	0	-2	0
t002561	3	29	9	0	0	0
t002562	0	21	7	2	1	1
t002563	5	11	2	1	0	2
t002564	4	9	3	0	-1	0
t002565	2	13	0	0	0	0
t002566	6	12	3	1	-1	4
t002567	3	15	0	5	0	5
t002568	4	11	2	1	0	-1
t002569	22	22	1	6	2	2
t002570	11	3	1	7	0	2
t002571	4	6	-1	6	0	6
t002572	6	15	0	3	0	1
t002573	3	4	1	11	0	0
t002574	5	6	-1	14	0	2
t002575	1	4	-1	0	1	0
t002576	4	8	0	3	1	2
t002577	2	4	-2	7	0	1
t002578	11	7	4	0	1	1
t002579	2	4	0	3	-1	0
t002580	4	9	2	9	1	1
t002581	7	13	0	2	1	0
t002582	23	9	0	1	0	-1
t002583	13	5	0	0	0	0
t002584	56	24	0	1	0	0
t002585	15	6	-3	2	-2	0
t002586	6	9	0	1	0	0
t002587	17	17	1	5	0	0
t002588	18	14	0	0	1	1
t002589	6	22	5	0	1	4
t002590	1	6	0	0	-1	0
t002591	0	0	0	0	0	0
t002592	4	7	0	0	2	1
t002593	18	10	-2	0	-1	0
t002594	0	13	0	1	0	2
t002595	2	8	1	1	-3	0
t002596	3	0	1	0	-1	0
t002597	2	13	0	0	-1	0
t002598	7	9	0	0	0	1
t002599	0	0	0	0	-1	0
t002602	0	2	0	1	0	0
t002603	1	1	0	0	0	0
t002604	0	0	0	0	-1	0
t002605	11	9	1	1	0	0
t002606	0	1	0	0	0	0
t002607	0	3	0	0	0	0
t002608	2	-1	0	0	0	0
t002609	0	0	0	0	0	0
t002610	0	1	0	0	0	0
t002611	0	1	0	0	0	0
t002612	0	2	0	0	0	0
t002613	0	4	0	0	0	0
t002614	0	0	0	0	0	0
t002615	0	2	0	0	0	1
t002616	9	4	0	0	0	0
t002617	12	3	0	1	1	0
t002618	16	14	0	0	0	1
t002619	1	2	0	0	-1	0
t002620	11	1	0	0	0	0
t002621	10	0	-1	0	0	0
t002622	5	2	0	1	1	0
t002623	35	9	1	0	1	1
t002624	7	5	0	0	0	0
t002625	1	0	0	0	0	0
t002626	5	2	0	0	0	0
t002627	3	2	0	0	0	0
t002628	1	0	0	0	0	0
t002629	4	0	0	0	0	0
t002630	3	2	0	0	0	0
t002631	0	2	0	0	0	0
t002632	0	0	0	0	0	0
t002633	22	6	-3	0	0	0
t002634	6	12	0	0	0	-1
t002635	7	8	1	0	0	0
t002636	9	6	1	1	0	0
t002637	4	0	0	0	0	0
t002638	3	5	1	2	0	0
t002639	0	1	0	0	0	0
t002640	0	14	2	0	0	0
t002641	1	0	0	0	0	0
t002642	0	0	0	0	0	0
t002643	2	4	0	1	1	1
t002644	0	0	0	0	0	0
t002645	0	0	0	0	0	0
t002646	11	11	0	5	5	0
t002647	2	1	0	2	2	0
t002648	6	8	2	1	8	0
t002649	2	1	0	0	1	0
t002650	0	2	0	0	0	0
t002651	0	0	0	0	0	0
t002652	1	2	0	0	1	0
t002653	4	0	0	0	0	0
t002654	0	0	0	0	-1	0
t002655	13	10	0	3	5	0
t002656	0	0	0	1	0	0
t002657	1	1	0	0	0	0
t002658	0	7	0	2	0	0
t002659	2	0	1	0	0	1
t002660	10	2	0	-1	0	1
t002661	6	4	1	1	-3	0
t002662	26	6	0	1	-2	0
t002663	40	4	-2	1	-2	1
t002664	0	0	0	0	0	0
t002665	0	1	0	0	0	0
t002666	18	1	-2	2	0	0
t002667	8	0	0	0	0	0
t002668	1	1	-1	0	0	0
t002669	2	1	0	0	0	0
t002671	17	2	-1	2	0	0
t002672	3	4	0	3	0	5
t002673	0	4	0	0	0	0
t002674	0	1	0	0	0	0
t002675	3	1	0	0	0	-1
t002676	2	9	-5	1	0	0
t002677	-10	4	-2	5	0	0
t002678	1	0	0	0	0	0
t002679	-1	0	0	0	0	0
t002680	-2	3	0	0	-1	-1
t002681	0	0	0	0	0	0
t002682	0	1	0	0	0	0
t002683	0	2	-1	5	0	0
t002684	0	0	0	0	0	0
t002685	-1	0	0	0	0	0
t002686	-2	5	0	0	0	0
t002687	0	0	0	0	0	0
t002688	0	2	0	0	0	1
t002689	0	0	0	0	0	0
t002690	0	3	1	0	0	1
t002691	0	0	0	0	0	0
t002692	-1	0	0	0	0	0
t002693	0	0	0	0	0	0
t002694	0	2	0	0	0	0
t002695	-1	2	0	0	0	0
t002696	0	1	0	0	0	0
t002697	-1	7	0	1	-1	-1
t002698	0	1	0	0	0	0
t002699	3	2	0	2	-1	0
t002700	4	13	1	4	0	0
t002701	2	8	0	3	0	-1
t002702	10	4	0	3	0	-1
t002703	1	0	0	0	0	0
t002704	13	1	0	2	0	-1
t002705	0	0	0	0	0	0
t002706	19	5	0	0	0	0
t002707	4	4	0	0	0	0
t002708	4	1	0	0	0	0
t002709	22	2	0	1	0	0
t002710	13	5	0	1	0	1
t002711	0	2	0	0	0	3
t002712	7	3	0	2	0	6
t002713	0	0	0	0	0	0
t002714	0	0	0	0	0	1
t002715	4	1	0	2	0	10
t002716	1	7	0	0	0	10
t002717	0	1	0	0	0	0
t002718	4	6	1	2	0	0
t002719	5	10	0	2	0	2
t002720	1	12	1	0	0	0
t002721	5	6	1	2	0	0
t002722	12	21	0	0	1	1
t002723	14	16	-1	4	-1	4
t002724	15	14	3	2	0	0
t002725	15	12	5	0	7	0
t002726	18	9	4	0	6	0
t002727	32	6	0	0	0	0
t002728	40	15	-1	3	0	-1
t002729	15	19	0	3	-2	4
t002730	1	1	0	0	-1	0
t002731	7	6	0	1	0	0
t002732	11	17	4	4	-1	1
t002733	7	7	0	1	0	0
t002734	0	2	0	0	-1	0
t002735	3	4	0	1	0	0
t002736	0	2	0	0	-1	0
t002737	1	7	0	0	-1	0
t002738	7	5	0	0	0	2
t002739	10	8	0	1	0	-2
t002740	6	2	0	0	0	-2
t002741	29	2	0	0	4	-1
t002742	23	15	0	1	1	-1
t002743	4	0	0	1	0	0
t002744	2	1	0	0	0	0
t002745	3	4	0	1	0	-2
t002746	9	21	3	34	0	4
t002747	7	12	0	18	0	3
t002748	15	10	0	8	0	0
t002749	1	10	-1	0	-1	0
t002750	5	11	0	1	0	-1
t002751	8	15	0	0	-2	0
t002752	50	25	0	3	-4	-1
t002753	37	11	-1	0	-1	0
t002754	27	16	-2	3	0	0
t002755	17	7	0	1	0	0
t002756	8	7	0	6	-1	0
t002757	2	0	0	0	0	0
t002758	0	2	0	0	-1	2
t002759	0	1	0	0	0	0
t002760	8	6	-1	1	1	2
t002761	1	1	0	0	0	0
t002762	25	21	0	1	0	1
t002763	8	6	-1	1	0	1
t002764	33	7	0	2	1	1
t002765	1	0	0	0	0	0
t002766	11	1	0	0	1	0
t002767	40	12	0	1	1	0
t002768	4	43	11	0	0	1
t002769	11	17	4	0	0	0
t002770	3	27	8	0	1	0
t002771	9	14	0	3	0	11
t002772	26	11	0	4	-1	23
t002773	37	2	0	0	2	2
t002774	31	23	2	9	1	23
t002775	4	2	0	3	0	1
t002776	0	0	0	0	1	4
t002777	1	0	0	0	0	0
t002778	8	0	0	4	0	13
t002779	6	1	1	6	0	14
t002780	0	1	0	0	0	0
t002781	4	11	1	2	0	2
t002782	0	1	0	0	0	0
t002783	0	2	0	0	0	-1
t002784	0	0	0	0	0	1
t002785	0	1	0	0	0	0
t002786	0	0	0	0	0	0
t002787	1	4	0	0	0	0
t002789	1	0	0	0	0	0
t002790	0	1	0	0	0	0
t002791	14	15	2	0	1	0
t002792	16	20	-3	8	0	6
t002793	0	0	0	0	0	0
t002794	26	19	0	4	-1	6
t002795	52	10	0	0	2	0
t002796	0	0	0	0	-1	0
t002797	34	5	0	0	0	0
t002798	20	5	0	1	-1	0
t002799	53	8	-1	0	1	0
t002800	24	6	0	0	0	0
t002801	4	3	0	3	0	1
t002802	2	0	0	0	0	0
t002803	24	4	0	0	0	1
t002804	3	2	0	0	0	0
t002805	2	0	0	0	0	0
t002806	11	5	0	1	0	0
t002807	2	2	0	0	0	1
t002808	0	0	0	0	0	0
t002809	11	9	-3	3	0	-4
t002810	7	6	-3	0	0	-2
t002811	0	0	0	0	0	0
t002812	0	0	0	0	0	0
t002813	0	2	0	0	0	0
t002814	0	2	0	0	0	0
t002815	13	9	0	0	0	0
t002816	23	11	0	0	0	0
t002817	17	23	0	7	0	-1
t002818	13	16	3	0	1	1
t002819	1	7	0	-2	1	0
t002820	11	3	0	0	3	0
t002821	20	17	4	0	0	0
t002822	2	0	0	0	0	0
t002823	1	0	0	0	0	0
t002824	7	4	0	0	0	0
t002825	4	9	4	0	0	0
t002826	9	14	5	3	1	0
t002827	1	9	0	0	0	1
t002828	3	7	0	0	-1	0
t002829	0	3	0	0	0	0
t002830	0	1	0	0	0	0
t002831	0	1	1	0	0	0
t002832	3	19	1	1	0	-1
t002833	3	7	0	2	-2	0
t002834	0	0	0	0	0	0
t002835	0	6	0	2	-1	0
t002836	8	9	0	1	-2	0
t002837	2	4	2	0	1	-1
t002838	0	2	0	0	0	0
t002839	2	4	0	0	0	-1
t002840	1	0	0	0	0	-1
t002841	2	18	0	2	0	0
t002842	1	7	-1	0	0	1
t002843	1	4	0	1	0	0
t002844	11	12	0	0	-1	0
t002845	16	11	3	1	0	-1
t002846	12	11	1	1	-1	0
t002847	5	14	0	1	-2	-1
t002848	5	11	0	1	0	0
t002849	2	10	5	-1	1	1
t002850	0	1	0	0	0	0
t002851	10	13	0	0	0	0
t002852	2	5	2	3	0	2
t002853	0	1	0	0	-1	0
t002854	0	0	0	0	0	0
t002855	1	5	0	2	1	-1
t002856	0	0	0	0	0	0
t002857	0	1	0	0	-1	0
t002858	7	11	5	4	0	2
t002859	3	9	0	4	0	-1
t002860	2	13	3	1	0	0
t002861	2	6	5	0	-1	1
t002862	9	9	1	1	2	-1
t002863	6	2	-2	0	0	0
t002864	15	5	0	2	3	-2
t002865	15	25	1	1	0	-1
t002866	25	8	0	1	0	0
t002867	16	9	-2	1	0	-3
t002868	57	8	0	1	0	0
t002869	14	7	0	1	0	0
t002870	6	2	0	0	-4	1
t002871	0	1	0	0	0	0
t002872	4	3	0	1	0	0
t002873	10	21	0	0	0	0
t002874	8	10	3	0	0	-2
t002875	10	7	0	0	1	-1
t002876	23	22	0	2	-1	1
t002877	9	13	0	1	1	1
t002878	11	12	0	1	0	1
t002879	2	15	0	3	-2	6
t002880	2	7	0	2	0	3
t002881	6	14	2	7	0	2
t002882	2	7	0	2	0	3
t002883	8	20	2	12	0	7
t002884	1	3	0	5	1	0
t002885	34	8	5	1	1	0
t002886	2	1	0	0	0	0
t002887	22	6	0	-2	0	0
t002888	30	12	-1	-1	0	0
t002889	7	8	1	1	0	1
t002890	20	16	0	4	0	-1
t002891	24	13	1	2	0	1
t002892	3	6	0	0	-1	0
t002893	3	9	-1	4	-1	1
t002894	2	3	0	1	5	5
t002895	2	9	-1	0	0	1
t002896	5	18	0	1	-2	0
t002897	3	18	0	3	0	2
t002898	8	9	1	0	-1	0
t002899	22	13	0	1	0	1
t002900	13	21	1	0	0	0
t002901	8	12	0	0	0	-1
t002902	3	8	0	11	0	1
t002903	5	5	0	7	0	0
t002904	-2	6	0	10	0	1
t002905	0	4	0	3	0	0
t002906	-1	4	0	3	0	0
t002907	15	15	0	4	0	5
t002908	11	15	-1	4	1	3
t002909	28	13	2	11	-1	2
t002910	17	10	0	2	0	9
t002911	2	32	4	2	0	0
t002912	-2	13	6	0	0	1
t002913	0	0	1	1	0	0
t002914	2	3	4	0	0	0
t002915	0	1	0	0	0	0
t002916	1	10	4	0	0	0
t002917	5	16	6	4	0	0
t002918	2	15	3	1	0	0
t002919	9	13	8	1	2	0
t002920	2	11	2	0	1	0
t002921	3	13	5	1	0	0
t002922	2	6	3	1	0	0
t002923	0	3	1	0	0	0
t002924	-1	8	1	1	0	0
t002925	0	4	4	0	-1	0
t002927	1	8	1	1	-1	0
t002928	3	6	0	1	0	0
t002929	0	1	0	0	0	0
t002930	0	0	0	0	0	0
t002931	0	0	0	0	0	0
t002932	1	6	0	0	0	0
t002933	1	13	2	1	-1	0
t002934	1	8	1	1	1	1
t002935	10	19	-5	1	4	0
t002936	6	7	1	0	10	0
t002937	6	13	3	5	1	1
t002938	4	33	0	3	1	6
t002939	11	17	2	0	0	1
t002940	3	5	1	0	0	0
t002941	13	22	6	2	4	0
t002942	8	6	0	0	0	0
t002943	20	9	-1	0	0	0
t002944	11	6	0	-2	0	0
t002945	1	11	-3	6	6	0
t002946	4	2	-1	2	8	0
t002947	16	6	-2	0	0	-1
t002948	4	3	0	1	0	2
t002949	9	16	4	2	0	0
t002950	6	10	0	0	-2	0
t002951	14	2	-2	5	0	0
t002952	12	4	-1	0	0	-3
t002953	2	18	0	0	-1	1
t002954	5	3	-1	7	0	0
t002955	12	15	0	5	1	0
t002956	4	14	-2	3	2	0
t002957	19	12	-1	1	9	0
t002958	20	7	-8	0	6	0
t002959	10	12	1	2	1	0
t002960	9	10	0	2	0	0
t002961	0	0	0	1	0	0
t002962	1	13	0	17	0	2
t002963	6	4	0	5	0	0
t002964	0	11	0	0	-3	0
t002965	0	3	0	2	-1	0
t002966	3	4	-2	1	-2	0
t002967	7	5	-1	0	0	-4
t002968	2	3	-1	4	11	0
t002969	0	0	-2	1	2	0
t002970	4	14	0	0	1	0
t002971	0	4	-1	0	-1	0
t002972	13	8	4	-1	-1	0
t002973	0	2	0	0	0	0
t002974	0	20	0	2	-4	0
t002975	0	1	0	0	-1	0
t002976	0	0	0	0	0	0
t002977	2	3	2	0	0	0
t002978	0	8	0	0	-1	2
t002979	5	14	-1	0	0	0
t002980	8	8	1	2	0	1
t002981	-1	16	0	0	0	0
t002982	0	6	4	-1	0	0
t002983	7	6	-3	5	0	-1
t002984	6	4	-1	0	0	-1
t002985	15	12	1	1	0	2
t002986	0	1	0	0	0	0
t002987	18	3	0	0	0	-3
t002988	7	14	2	8	-2	1
t002989	2	10	0	0	0	0
t002990	4	3	0	2	0	1
t002991	9	8	-1	3	4	2
t002992	15	14	1	2	0	0
t002993	7	22	1	1	-1	0
t002994	6	22	1	16	0	4
t002995	2	4	0	9	0	0
t002996	5	18	1	4	0	0
t002997	1	5	2	0	0	0
t002998	18	8	0	4	0	0
t002999	17	8	2	0	-1	0
t003000	1	1	0	0	0	0
t003001	32	27	0	2	1	4
t003002	14	5	-1	1	0	-2
t003003	0	2	0	0	0	0
t003004	12	29	-1	2	-1	1
t003005	2	18	3	0	0	1
t003006	0	12	1	1	0	1
t003007	0	9	0	2	0	0
t003008	9	12	12	1	0	0
t003009	4	8	5	0	0	0
t003010	7	26	6	2	0	1
t003011	0	0	0	0	0	0
t003012	-1	14	8	3	-1	0
t003013	0	20	0	13	-1	7
t003014	1	9	0	1	2	4
t003015	1	2	0	0	0	0
t003016	0	0	0	0	0	0
t003017	5	3	1	5	0	2
t003018	0	0	0	0	0	0
t003019	3	9	0	1	0	1
t003020	0	2	0	0	0	0
t003021	3	7	0	14	-3	1
t003022	-3	4	0	3	-1	0
t003023	0	1	0	0	0	0
t003024	9	25	8	8	1	5
t003025	2	15	5	0	0	0
t003026	0	0	0	0	0	0
t003027	18	8	0	1	0	0
t003028	7	14	0	0	1	0
t003029	10	8	0	0	-1	1
t003030	0	0	0	0	0	0
t003031	6	1	1	-1	0	0
t003032	0	5	0	0	0	0
t003033	0	10	0	3	0	0
t003034	37	12	1	8	0	0
t003035	1	1	0	1	0	0
t003036	7	6	0	2	0	1
t003037	1	2	0	0	0	0
t003038	8	15	0	-2	0	1
t003039	5	0	0	0	2	0
t003040	5	9	-2	0	7	-1
t003041	2	0	0	0	1	0
t003042	10	11	0	2	14	0
t003043	6	7	-1	1	2	0
t003044	0	1	0	0	1	1
t003045	4	9	0	2	0	1
t003046	6	11	0	0	0	0
t003047	3	31	7	3	0	0
t003048	0	7	2	-1	0	0
t003049	5	3	5	2	0	0
t003050	3	8	6	0	9	0
t003051	3	11	1	8	2	4
t003052	0	15	0	0	0	0
t003053	7	27	0	3	0	4
t003054	7	24	2	12	-1	1
t003055	47	17	0	0	0	0
t003056	22	6	0	0	-1	0
t003057	26	14	2	3	1	0
t003058	13	6	0	1	-1	1
t003059	24	8	0	0	-1	0
t003060	9	5	-1	1	0	1
t003061	5	9	1	4	-2	0
t003062	0	12	3	0	0	0
t003063	14	15	-2	3	0	0
t003064	7	9	0	0	0	1
t003065	10	5	0	0	0	0
t003066	7	4	-1	2	0	1
t003067	-2	2	0	10	0	0
t003068	0	9	2	6	0	0
t003069	-1	11	0	6	0	1
t003070	0	7	0	1	0	0
t003071	-3	10	0	5	0	2
t003072	-2	3	-2	2	0	2
t003073	5	33	-1	7	2	0
t003074	2	6	0	0	0	0
t003075	17	22	2	1	-2	7
t003076	6	4	0	5	0	0
t003077	2	11	0	3	-1	0
t003078	5	4	-5	0	1	0
t003079	-6	10	0	21	0	-2
t003080	0	6	0	13	0	0
t003081	1	24	-2	7	-1	0
t003082	-1	7	0	3	0	0
t003083	1	7	-2	5	0	0
t003084	5	7	-1	3	2	-1
t003085	35	8	0	1	1	1
t003086	14	1	0	0	0	0
t003087	43	7	0	0	0	0
t003088	12	1	-1	0	0	0
t003089	6	1	0	0	0	0
t003090	13	4	0	0	0	0
t003091	7	1	0	0	-1	0
t003092	27	15	0	0	2	7
t003093	1	3	0	0	0	0
t003094	21	17	-1	2	3	3
t003095	8	9	0	0	0	1
t003096	23	4	1	0	0	0
t003097	23	7	1	1	2	0
t003098	2	3	0	0	0	2
t003099	14	8	0	1	0	1
t003100	1	3	0	2	-1	0
t003101	17	6	0	0	-2	0
t003102	12	1	0	1	-1	0
t003103	7	9	0	0	1	0
t003105	29	20	1	0	0	0
t003106	13	36	-1	18	1	3
t003107	14	13	0	0	0	-1
t003108	1	13	0	0	-1	1
t003109	11	12	0	2	1	2
t003110	4	7	3	2	0	-1
t003111	9	4	0	1	-1	0
t003112	12	9	0	0	0	0
t003113	5	16	0	4	0	9
t003114	11	8	0	0	0	1
t003115	23	13	-9	4	-1	3
t003116	4	4	-1	0	0	0
t003117	2	3	0	2	0	0
t003118	6	3	0	0	0	0
t003119	5	0	0	0	0	0
t003120	-7	22	1	9	0	8
t003121	-2	10	-1	2	0	0
t003122	-10	19	-2	3	0	2
t003123	-3	7	0	2	0	1
t003124	-1	3	0	4	0	0
t003125	0	3	0	3	0	-1
t003126	2	10	-1	0	-1	-1
t003127	5	1	0	1	0	0
t003128	37	15	0	3	0	3
t003129	4	3	-1	1	0	0
t003130	18	7	0	0	0	0
t003131	5	4	0	2	0	0
t003132	5	25	2	2	1	1
t003133	0	5	5	0	0	0
t003134	1	16	3	0	-2	0
t003135	0	6	1	0	0	0
t003136	1	8	5	0	0	1
t003137	0	7	0	4	0	0
t003138	3	20	7	1	-2	0
t003139	1	8	-2	0	0	0
t003140	1	23	1	2	0	0
t003141	3	10	1	1	-1	0
t003142	0	10	4	2	0	0
t003143	1	23	12	2	0	1
t003144	1	9	4	0	-1	1
t003145	5	38	8	0	0	0
t003146	-1	12	3	1	0	0
t003147	0	2	0	0	0	0
t003148	1	10	4	0	-1	1
t003149	0	1	2	0	-1	2
t003150	0	2	1	0	0	0
t003151	2	25	1	1	0	0
t003152	0	8	0	0	0	0
t003153	4	26	7	1	0	0
t003154	6	7	2	0	0	0
t003155	2	11	0	0	0	0
t003156	11	33	3	4	1	5
t003157	20	33	6	5	0	-1
t003158	3	31	4	3	0	0
t003159	0	7	1	0	0	0
t003160	0	8	3	1	-1	0
t003161	0	3	0	0	0	0
t003162	3	3	0	6	-1	0
t003163	-1	8	6	0	0	0
t003164	6	11	2	0	0	0
t003165	4	7	3	0	1	0
t003166	-2	34	0	0	0	-1
t003167	1	5	3	1	0	0
t003168	2	8	-1	0	1	0
t003169	2	0	0	0	0	0
t003170	13	12	1	0	1	0
t003171	2	20	2	3	0	0
t003172	1	12	2	0	0	-1
t003173	4	23	13	1	0	0
t003174	3	6	7	1	-1	0
t003175	1	7	3	1	0	0
t003176	0	5	7	2	0	0
t003177	2	14	6	0	-1	0
t003178	3	40	5	6	-3	0
t003179	3	4	2	1	0	0
t003180	0	13	0	0	0	1
t003181	2	17	1	4	-1	0
t003182	8	8	0	5	0	0
t003183	11	14	2	-4	0	-2
t003184	4	3	0	0	0	0
t003185	8	6	1	1	0	0
t003186	4	1	0	0	0	0
t003187	3	15	4	0	1	0
t003188	0	8	6	0	0	0
t003189	0	15	4	0	2	2
t003190	1	21	3	0	0	0
t003191	0	1	0	0	0	0
t003192	1	3	5	0	1	0
t003193	-1	2	3	0	1	0
t003194	-1	22	7	0	0	0
t003195	-1	15	3	-1	1	0
t003196	4	16	2	1	0	-1
t003197	0	4	0	0	0	0
t003198	0	14	1	0	0	0
t003199	1	9	2	1	-1	0
t003200	1	5	10	2	0	0
t003201	-1	19	6	0	0	0
t003202	5	35	0	6	2	-1
t003203	5	24	7	1	-1	3
t003204	41	7	0	1	0	0
t003205	39	14	0	0	2	0
t003206	20	3	0	0	6	0
t003207	7	6	0	0	0	0
t003208	1	15	1	0	24	0
t003209	11	17	0	1	10	0
t003210	2	4	0	0	6	0
t003211	4	5	0	0	4	0
t003212	11	12	2	2	0	0
t003213	10	25	1	3	0	3
t003214	19	4	0	0	0	0
t003215	9	8	0	1	0	2
t003216	26	22	2	0	1	0
t003217	23	9	1	0	5	-2
t003218	16	9	0	0	0	0
t003219	3	4	-2	0	0	0
t003220	24	11	0	0	1	-1
t003221	49	13	0	0	0	2
t003222	15	3	1	0	0	0
t003223	9	9	0	0	0	0
t003224	7	11	0	7	0	2
t003225	-3	7	-9	10	-1	2
t003226	-1	8	0	6	0	0
t003227	0	1	0	1	-2	0
t003228	6	32	0	2	3	2
t003229	-1	18	0	1	2	1
t003230	0	22	6	2	0	0
t003231	25	5	0	0	0	0
t003232	5	20	6	0	-2	2
t003233	1	16	3	0	0	0
t003234	9	17	1	1	2	0
t003235	0	15	6	1	0	0
t003236	22	6	1	0	3	0
t003237	11	7	0	0	9	0
t003238	31	22	0	0	1	0
t003239	16	9	0	0	0	1
t003240	15	12	-2	1	0	0
t003241	10	2	0	0	-1	0
t003242	19	11	0	1	0	1
t003243	1	5	0	0	0	0
t003244	13	16	-1	0	0	4
t003245	1	14	-2	2	0	1
t003246	10	9	-5	1	1	1
t003247	7	11	-1	3	2	0
t003248	2	12	19	-1	0	0
t003249	3	4	2	0	0	-1
t003250	2	11	1	0	-1	1
t003251	0	11	3	0	0	0
t003252	1	8	8	0	0	0
t003253	1	3	6	0	0	0
t003254	3	14	7	1	1	0
t003255	2	10	10	2	0	-1
t003256	-2	18	11	1	0	0
t003257	2	10	7	0	-2	0
t003258	2	10	4	0	0	1
t003259	4	17	0	1	29	0
t003260	4	11	2	2	11	0
t003261	11	5	1	1	12	1
t003262	11	11	0	7	7	0
t003263	7	2	-1	1	1	0
t003264	2	4	0	4	5	0
t003265	17	8	1	2	0	0
t003266	1	13	3	0	0	0
t003267	16	5	1	1	0	0
t003268	27	11	0	1	-2	0
t003269	7	7	-6	3	0	0
t003270	4	15	-1	1	0	-1
t003271	2	24	4	0	0	-2
t003272	5	17	0	0	0	2
t003273	3	6	-4	0	0	-2
t003274	4	3	-5	3	0	0
t003275	2	10	0	2	0	0
t003276	1	5	-2	3	0	0
t003277	12	41	4	2	-1	1
t003278	10	23	0	1	0	2
t003279	53	21	-3	0	3	3
t003280	17	9	0	0	0	0
t003281	27	11	-1	0	1	1
t003282	64	3	0	0	-1	-4
t003283	27	4	0	-1	0	-6
t003284	48	4	0	0	0	-1
t003285	28	3	0	0	0	-1
t003286	3	0	0	0	0	0
t003287	19	8	0	0	0	-1
t003288	32	10	-1	0	-1	-2
t003289	8	10	0	3	-1	-1
t003290	0	4	0	0	0	0
t003291	3	7	1	7	-1	0
t003292	20	19	0	3	5	1
t003293	23	20	0	3	0	0
t003294	16	12	0	1	0	-1
t003295	38	18	0	7	0	1
t003296	37	4	-1	2	0	-2
t003297	29	16	1	1	-1	0
t003298	15	28	1	1	24	1
t003299	18	8	-1	1	6	0
t003300	12	7	3	1	24	-2
t003301	38	12	0	0	0	0
t003302	34	7	0	-1	0	0
t003303	30	19	1	1	1	1
t003304	66	5	0	0	2	0
t003305	34	3	0	0	0	-1
t003306	41	9	0	1	0	-1
t003307	8	13	-2	0	0	-1
t003308	14	19	0	2	0	0
t003309	17	18	-1	1	0	0
t003310	28	12	0	3	0	0
t003311	4	9	0	0	0	-1
t003312	2	15	-3	0	0	-1
t003313	0	2	0	0	0	0
t003314	0	3	0	1	0	0
t003315	6	42	-1	1	0	1
t003316	14	30	3	6	1	1
t003317	0	33	2	2	0	0
t003318	27	12	1	0	1	0
t003319	4	40	0	-1	-1	1
t003320	20	13	1	0	0	1
t003321	0	52	3	4	0	2
t003322	0	20	4	0	0	0
t003323	1	26	0	2	-1	-2
t003324	8	23	0	0	3	0
t003325	0	6	0	0	0	0
t003326	6	15	3	-1	0	0
t003327	15	18	9	1	7	-1
t003328	0	1	0	0	2	0
t003329	5	25	5	0	2	0
t003330	0	15	0	0	0	0
t003331	0	10	0	0	0	0
t003332	6	11	0	0	0	0
t003333	14	33	7	1	2	0
t003334	8	12	2	0	0	0
t003335	9	18	2	0	0	1
t003336	10	24	4	0	0	-1
t003337	2	10	2	0	1	-2
t003338	4	16	10	0	1	2
t003339	3	30	3	4	1	0
t003340	6	25	3	0	0	-1
t003341	6	39	-2	1	0	1
t003342	2	17	1	-1	-1	-1
t003343	6	20	2	1	0	0
t003344	4	11	2	0	0	0
t003345	1	7	3	-2	-1	0
t003346	1	13	2	1	0	0
t003347	0	22	0	0	-1	0
t003348	5	9	1	1	0	0
t003349	8	10	-3	1	0	0
t003350	0	3	3	0	0	0
t003351	3	13	3	0	0	0
t003352	3	46	10	2	0	2
t003353	0	22	1	1	0	0
t003354	15	16	4	0	0	1
t003355	29	5	0	2	0	0
t003356	20	18	1	4	2	-1
t003357	6	28	0	4	1	2
t003358	2	12	0	2	-1	0
t003359	1	13	0	1	1	-4
t003360	3	3	0	2	1	0
t003361	-2	12	1	0	0	0
t003362	0	6	0	-2	0	0
t003363	0	9	1	0	-1	0
t003364	0	9	2	0	0	0
t003365	4	24	-1	4	1	2
t003366	2	15	0	0	0	-1
t003367	20	10	0	1	7	-1
t003368	12	20	5	6	12	0
t003369	28	26	1	4	2	10
t003370	26	7	1	1	-1	-1
t003371	7	7	-7	3	1	3
t003372	8	12	-5	3	1	5
t003373	-5	10	-10	0	-2	3
t003374	0	5	-11	3	0	1
t003375	1	6	-2	23	-1	1
t003376	0	2	2	2	0	1
t003377	3	6	0	7	0	0
t003378	7	7	-1	6	-1	1
t003379	2	4	0	6	0	0
t003380	1	7	0	9	0	0
t003381	27	7	0	0	0	0
t003382	27	15	0	0	0	2
t003383	8	26	0	0	0	0
t003384	3	17	1	0	1	0
t003385	9	37	2	1	-2	0
t003386	22	50	-1	3	0	2
t003387	18	80	-13	4	3	6
t003388	52	54	-6	3	2	4
t003389	7	16	0	0	1	-4
t003390	4	10	0	1	-7	-3
t003391	3	12	-1	0	-2	1
t003392	19	31	-9	0	11	0
t003393	1	10	0	0	-1	0
t003394	0	13	0	-1	0	-1
t003395	2	1	0	0	0	0
t003396	43	15	-3	-1	0	4
t003397	28	15	-1	0	2	4
t003398	23	34	-12	-2	0	22
t003399	19	9	-5	0	-1	9
t003400	19	26	-4	1	0	1
t003401	9	14	0	0	0	-1
t003402	24	8	-2	0	0	-2
t003403	1	7	1	1	0	0
t003404	9	18	-1	-2	0	1
t003405	15	15	0	0	0	2
t003406	10	7	0	-1	1	8
t003407	41	30	-1	0	0	1
t003408	13	48	-2	-1	1	0
t003409	0	31	2	0	-1	0
t003410	1	20	0	0	0	0
t003411	3	38	6	0	0	0
t003412	0	21	3	-3	-5	0
t003413	4	21	0	2	-4	2
t003414	8	18	-2	1	0	5
t003415	6	12	1	0	0	-1
t003416	17	17	2	-1	-1	0
t003417	5	20	1	-1	0	-2
t003418	12	29	-1	-3	2	1
t003419	7	11	1	0	-2	0
t003420	30	12	2	1	-1	2
t003421	23	11	-1	-1	0	-1
t003422	0	36	0	-2	0	0
t003423	13	14	0	1	0	0
t003424	0	10	7	-5	0	0
t003425	1	30	3	0	0	0
t003426	13	45	-1	1	-1	-1
t003427	22	11	0	0	0	0
t003428	2	34	0	-1	-4	0
t003429	15	13	-1	0	0	1
t003430	-1	24	1	-12	-1	0
t003431	0	13	0	-4	0	-1
t003432	3	14	-1	0	0	-5
t003433	0	10	0	-1	0	0
t003434	0	28	1	-1	0	-5
t003435	0	28	7	-5	-1	0
t003436	0	17	2	-8	0	0
t003437	0	35	11	0	1	2
t003438	3	25	-4	-3	0	-1
t003439	0	24	3	-2	0	3
t003440	0	8	3	-8	0	0
t003441	0	3	0	0	0	0
t003442	0	12	1	8	0	0
t003443	0	29	0	-4	0	1
t003444	1	20	2	-5	-2	0
t003445	-1	3	0	0	0	0
t003446	-6	12	0	0	0	-1
t003447	4	25	2	1	-7	0
t003448	7	27	2	1	-5	-6
t003449	63	18	-1	-1	-1	0
t003450	27	7	-2	0	-1	0
t003451	28	22	1	0	0	4
t003452	21	13	-13	0	0	3
t003453	10	6	-1	0	7	0
t003454	8	6	0	2	5	-1
t003455	10	11	1	3	2	0
t003456	9	13	4	0	2	0
t003457	8	22	0	-2	0	0
t003458	4	8	0	-1	-1	-1
t003459	9	88	14	-4	-14	4
t003460	19	112	3	-20	-1	0
t003461	7	17	5	0	-5	-2
t003462	3	18	1	1	0	0
t003463	0	30	-1	1	0	-2
t003464	13	13	0	0	0	0
t003465	2	15	1	-2	-4	2
t003466	3	19	-1	0	1	1
t003467	0	33	2	-1	1	1
t003468	1	11	2	0	1	1
t003469	1	13	11	-4	-2	-1
t003470	0	28	6	0	-1	1
t003471	2	46	-2	-7	0	0
t003472	5	24	1	1	0	1
t003473	-7	25	-3	-14	-3	0
t003474	0	25	2	-15	0	0
t003475	0	0	0	-1	0	0
t003476	12	72	-4	-7	1	-1
t003477	5	50	1	1	-2	3
